animal,moment,sequence_id,fold,actual_Orbital_tightening,actual_Tension_above_eyes,actual_Cheek_tightening,actual_Ears_frontal,actual_Ears_lateral,actual_Lip_jaw_profile,actual_Nostril_muzzle,actual_Total_Facial_scale,pred_Orbital_tightening,pred_Tension_above_eyes,pred_Cheek_tightening,pred_Ears_frontal,pred_Ears_lateral,pred_Lip_jaw_profile,pred_Nostril_muzzle,pred_Total_Facial_scale_calculated,pred_Total_Facial_scale_predicted
tensor(9),M2,Animal9_M2_1,0,1.0,0.0,0.0,1.0,1.3333334,0.6666667,0.33333334,4.3333335,0.88319135,0.91414493,0.29777184,0.47016647,0.98808914,0.54769063,0.36259875,4.463653,3.8841279
tensor(9),M2,Animal9_M2_2,0,1.0,0.0,0.0,1.0,1.3333334,0.6666667,0.33333334,4.3333335,0.88386816,0.8571964,0.3144368,0.55884296,1.1694427,0.5417799,0.39647508,4.722042,3.954577
tensor(9),M2,Animal9_M2_3,0,1.0,0.0,0.0,1.0,1.3333334,0.6666667,0.33333334,4.3333335,0.9160319,0.8122796,0.3069426,0.41918918,0.97498107,0.54779655,0.4343438,4.4115644,3.6637156
tensor(9),M4,Animal9_M4_1,0,0.33333334,1.0,0.0,0.33333334,0.6666667,0.33333334,0.0,2.6666667,0.40166423,0.5910307,-0.13057186,0.113792054,0.2207694,0.20226279,0.35005417,1.7490015,2.233277
tensor(9),M4,Animal9_M4_2,0,0.33333334,1.0,0.0,0.33333334,0.6666667,0.33333334,0.0,2.6666667,0.44691518,0.4820052,-0.070066534,0.17970881,0.14880341,0.1366149,0.3921992,1.7161802,2.1830032
tensor(9),M4,Animal9_M4_3,0,0.33333334,1.0,0.0,0.33333334,0.6666667,0.33333334,0.0,2.6666667,0.30465183,0.35995385,-0.123697355,0.07597777,0.12734684,0.14016233,0.1924884,1.0768837,2.1456068
tensor(9),M3,Animal9_M3_1,0,0.6666667,0.0,0.0,0.33333334,0.6666667,0.0,0.33333334,2.0,0.036336508,0.52220815,-0.2873721,0.47459272,0.47309276,-0.1367256,0.27084476,1.3529772,3.7124548
tensor(9),M3,Animal9_M3_2,0,0.6666667,0.0,0.0,0.33333334,0.6666667,0.0,0.33333334,2.0,0.08406514,0.601061,-0.21032675,0.43344668,0.529696,-0.005303338,0.31769463,1.7503333,3.881404
tensor(9),M3,Animal9_M3_3,0,0.6666667,0.0,0.0,0.33333334,0.6666667,0.0,0.33333334,2.0,0.1357105,0.6470428,-0.13768591,0.42059076,0.54258794,-0.06714586,0.30051336,1.8416137,3.980798
tensor(9),M0,Animal9_M0_1,0,0.0,0.0,0.33333334,0.0,0.0,0.0,0.33333334,0.6666667,0.49749416,0.32750207,0.19258411,0.3138416,0.48740983,0.23879333,0.27057177,2.3281968,3.5213373
tensor(9),M0,Animal9_M0_2,0,0.0,0.0,0.33333334,0.0,0.0,0.0,0.33333334,0.6666667,0.15964064,0.2955772,0.113310605,0.30900714,0.35940734,0.1623901,0.07971872,1.4790517,3.4003913
tensor(9),M0,Animal9_M0_3,0,0.0,0.0,0.33333334,0.0,0.0,0.0,0.33333334,0.6666667,0.3667364,0.15137653,0.20596656,0.27337983,0.41497537,0.03936349,0.22020204,1.6720002,3.0951893
tensor(9),M0,Animal9_M0_4,0,0.0,0.0,0.33333334,0.0,0.0,0.0,0.33333334,0.6666667,0.14001937,0.34209803,0.18417178,0.14955579,0.2655054,0.03306569,0.12904878,1.2434648,3.078455
tensor(9),M0,Animal9_M0_5,0,0.0,0.0,0.33333334,0.0,0.0,0.0,0.33333334,0.6666667,0.20475025,0.25590542,0.14602455,0.16481107,0.29778618,0.08458756,0.07884977,1.2327149,3.2281742
tensor(9),M2,Animal9_M2_1,0,1.0,0.0,0.0,1.0,1.3333334,0.6666667,0.33333334,4.3333335,0.70996106,0.7246861,0.1707795,0.39218816,0.7421152,0.42080963,0.27556232,3.4361017,3.5897465
tensor(9),M2,Animal9_M2_2,0,1.0,0.0,0.0,1.0,1.3333334,0.6666667,0.33333334,4.3333335,0.66254735,0.66514874,0.0003724876,0.33626276,0.58468574,0.38230544,0.20920685,2.8405292,3.258215
tensor(9),M2,Animal9_M2_3,0,1.0,0.0,0.0,1.0,1.3333334,0.6666667,0.33333334,4.3333335,0.7248951,0.7766482,0.29385757,0.42862752,0.83047223,0.46109766,0.45970654,3.9753048,3.533009
tensor(9),M2,Animal9_M2_1,0,1.0,0.0,0.0,1.0,1.3333334,0.6666667,0.33333334,4.3333335,0.75016993,0.8894213,0.39541745,0.241119,0.7529681,0.47828472,0.3307191,3.8380995,3.9888237
tensor(9),M2,Animal9_M2_2,0,1.0,0.0,0.0,1.0,1.3333334,0.6666667,0.33333334,4.3333335,0.5989092,0.5802918,0.35020015,0.18136337,0.62708753,0.3134452,0.24301267,2.89431,3.537313
tensor(9),M1,Animal9_M1_1,0,0.0,1.0,0.33333334,0.0,0.33333334,0.0,0.33333334,2.0,0.20860107,0.60694593,-0.13222484,-0.022694672,-0.074703574,0.0696323,0.050831813,0.70638806,2.350566
tensor(9),M1,Animal9_M1_2,0,0.0,1.0,0.33333334,0.0,0.33333334,0.0,0.33333334,2.0,0.25295877,0.47257006,-0.15031108,0.05066727,0.18538284,0.19776256,0.1922219,1.2012523,2.6223907
tensor(9),M1,Animal9_M1_3,0,0.0,1.0,0.33333334,0.0,0.33333334,0.0,0.33333334,2.0,0.18467249,0.5065966,-0.16571987,-0.07238314,0.06427104,0.13518263,0.13369629,0.78631604,2.2639494
tensor(22),M2,Animal22_M2_1,0,1.0,1.0,0.33333334,0.6666667,1.0,1.0,0.6666667,5.6666665,0.637224,0.5434256,0.24776712,0.16504711,0.4789527,0.28737372,0.46222138,2.8220117,4.445151
tensor(22),M2,Animal22_M2_2,0,1.0,1.0,0.33333334,0.6666667,1.0,1.0,0.6666667,5.6666665,0.7101103,0.7809814,0.21371691,0.28765756,0.69689214,0.36873513,0.72166014,3.7797537,4.6027884
tensor(22),M2,Animal22_M2_3,0,1.0,1.0,0.33333334,0.6666667,1.0,1.0,0.6666667,5.6666665,0.6775478,0.76890826,0.41730088,0.37570253,0.69302714,0.44107187,0.6369008,4.010459,4.906053
tensor(22),M1,Animal22_M1_1,0,0.33333334,1.0,0.33333334,0.0,0.33333334,0.33333334,0.6666667,3.0,0.7501404,1.0017661,0.30373928,0.7341489,0.9949754,0.61694497,0.54749906,4.949214,4.9869313
tensor(22),M1,Animal22_M1_2,0,0.33333334,1.0,0.33333334,0.0,0.33333334,0.33333334,0.6666667,3.0,0.90776277,1.168185,0.48232847,0.50591743,0.95630425,0.781072,0.51984566,5.321416,5.398862
tensor(22),M1,Animal22_M1_3,0,0.33333334,1.0,0.33333334,0.0,0.33333334,0.33333334,0.6666667,3.0,0.82808566,1.0002458,0.46408746,0.67377675,1.0792207,0.73682517,0.65576947,5.4380107,5.225731
tensor(22),M4,Animal22_M4_1,0,0.6666667,0.33333334,0.0,0.6666667,0.6666667,0.6666667,0.6666667,3.6666667,0.8868382,1.277487,0.17821424,0.25770742,0.49008745,0.45725673,0.6246343,4.1722255,4.9163847
tensor(22),M4,Animal22_M4_2,0,0.6666667,0.33333334,0.0,0.6666667,0.6666667,0.6666667,0.6666667,3.6666667,0.69146234,0.9035964,0.18350135,0.37335137,0.6433446,0.34631324,0.45239776,3.593967,4.4054213
tensor(22),M4,Animal22_M4_3,0,0.6666667,0.33333334,0.0,0.6666667,0.6666667,0.6666667,0.6666667,3.6666667,0.8157338,0.97740656,0.28774622,0.2260398,0.6121821,0.359217,0.30294162,3.5812669,4.8875923
tensor(22),M4,Animal22_M4_4,0,0.6666667,0.33333334,0.0,0.6666667,0.6666667,0.6666667,0.6666667,3.6666667,0.949154,0.99730456,0.13983205,0.39867046,0.6762889,0.6427884,0.51609254,4.320131,5.0515137
tensor(22),M3,Animal22_M3_1,0,0.33333334,1.0,0.5,0.33333334,1.0,0.33333334,0.6666667,4.0,0.32609537,0.7076094,-0.07590341,0.35446307,0.7652774,0.08789672,0.28546166,2.4509,3.8160133
tensor(22),M3,Animal22_M3_2,0,0.33333334,1.0,0.5,0.33333334,1.0,0.33333334,0.6666667,4.0,0.3241571,0.66932863,-0.09028374,0.35780635,0.7524302,0.06969435,0.28124353,2.3643765,3.794058
tensor(22),M3,Animal22_M3_1,0,0.33333334,1.0,0.5,0.33333334,1.0,0.33333334,0.6666667,4.0,0.3491265,0.72743386,-0.049407948,0.36777577,0.778837,0.09130031,0.29647744,2.561543,3.8456216
tensor(22),M3,Animal22_M3_2,0,0.33333334,1.0,0.5,0.33333334,1.0,0.33333334,0.6666667,4.0,0.37117264,0.7562581,-0.027901666,0.33347505,0.7703793,0.09098385,0.31293583,2.6073031,3.8761187
tensor(22),M1,Animal22_M1_1,0,0.33333334,1.0,0.33333334,0.0,0.33333334,0.33333334,0.6666667,3.0,0.63810605,0.8341631,0.27123198,0.45406574,0.79931754,0.51774913,0.5022948,4.016928,4.4967527
tensor(22),M1,Animal22_M1_2,0,0.33333334,1.0,0.33333334,0.0,0.33333334,0.33333334,0.6666667,3.0,0.608998,0.7962384,0.33689937,0.33498272,0.74661034,0.51654077,0.46073088,3.8010004,4.365774
tensor(22),M1,Animal22_M1_3,0,0.33333334,1.0,0.33333334,0.0,0.33333334,0.33333334,0.6666667,3.0,0.4338478,0.5079535,0.12188622,0.23253694,0.6285034,0.2825362,0.33535695,2.5426211,3.6668062
tensor(22),M0,Animal22_M0_1,0,0.0,0.33333334,0.0,0.33333334,1.0,0.33333334,0.33333334,2.3333333,0.8859904,1.2301533,0.46388417,0.40556788,0.7628772,0.5539302,0.60950786,4.911911,5.1493278
tensor(22),M0,Animal22_M0_2,0,0.0,0.33333334,0.0,0.33333334,1.0,0.33333334,0.33333334,2.3333333,0.8852707,1.2454327,0.23653713,0.30510125,0.70439,0.5832689,0.6363416,4.596342,4.8156385
tensor(22),M0,Animal22_M0_3,0,0.0,0.33333334,0.0,0.33333334,1.0,0.33333334,0.33333334,2.3333333,0.91891855,1.1786593,0.30818096,0.40479964,0.5587793,0.61013776,0.49860513,4.4780807,4.8831067
tensor(3),M4,Animal3_M4_1,1,0.0,1.3333334,0.6666667,0.33333334,0.0,0.6666667,0.6666667,3.6666667,0.72049,0.78905284,0.34675124,0.61459154,0.84702766,0.43812385,0.29089823,4.0469356,4.1239743
tensor(3),M4,Animal3_M4_2,1,0.0,1.3333334,0.6666667,0.33333334,0.0,0.6666667,0.6666667,3.6666667,0.6371364,0.8365596,0.21972106,0.4617194,0.5314582,0.6627761,0.24542047,3.5947914,3.4605303
tensor(3),M4,Animal3_M4_3,1,0.0,1.3333334,0.6666667,0.33333334,0.0,0.6666667,0.6666667,3.6666667,0.58643293,0.8726575,0.29341,0.5504528,0.6768459,0.5708693,0.29349586,3.8441644,3.7885923
tensor(3),M3,Animal3_M3_1,1,0.0,0.6666667,0.0,1.0,1.0,0.33333334,1.0,4.0,0.8140051,0.73737884,0.26900938,0.40322644,0.6071009,0.6224522,0.44783008,3.901003,4.2330046
tensor(3),M3,Animal3_M3_2,1,0.0,0.6666667,0.0,1.0,1.0,0.33333334,1.0,4.0,0.734801,0.8496184,0.16823813,0.64212215,0.5667783,0.5107846,0.5039885,3.9763312,4.552838
tensor(3),M3,Animal3_M3_3,1,0.0,0.6666667,0.0,1.0,1.0,0.33333334,1.0,4.0,0.6907104,0.72802675,0.14436425,0.6078804,0.4719771,0.40286326,0.43587756,3.4816997,4.264478
tensor(3),M0,Animal3_M0_1,1,0.0,0.6666667,0.33333334,1.0,0.6666667,0.33333334,0.0,3.0,0.83173573,0.4981051,0.16014035,0.42601937,0.75477654,0.5645486,0.2620443,3.4973702,3.7114773
tensor(3),M0,Animal3_M0_2,1,0.0,0.6666667,0.33333334,1.0,0.6666667,0.33333334,0.0,3.0,0.43874404,0.3082945,0.054702897,0.3641184,0.4596497,0.35291708,0.21671796,2.1951447,3.170518
tensor(3),M0,Animal3_M0_3,1,0.0,0.6666667,0.33333334,1.0,0.6666667,0.33333334,0.0,3.0,0.66260624,0.62592006,0.21723974,0.48133582,0.6599929,0.49480817,0.39163014,3.5335333,4.618014
tensor(3),M1,Animal3_M1_1,1,0.0,1.0,0.0,0.0,0.0,0.0,0.33333334,1.3333334,0.2575734,0.6028146,0.080186725,0.12692386,0.38788816,0.12787712,0.36116812,1.944432,2.0294278
tensor(3),M1,Animal3_M1_2,1,0.0,1.0,0.0,0.0,0.0,0.0,0.33333334,1.3333334,0.6428746,0.6556094,0.10886566,0.56054544,0.7430202,0.36552167,0.6151178,3.6915548,3.5127683
tensor(3),M1,Animal3_M1_3,1,0.0,1.0,0.0,0.0,0.0,0.0,0.33333334,1.3333334,0.5310418,0.48623177,0.19387163,0.44767624,0.7738165,0.22445495,0.32157463,2.9786675,3.2080455
tensor(3),M1,Animal3_M1_4,1,0.0,1.0,0.0,0.0,0.0,0.0,0.33333334,1.3333334,0.32345226,0.6729912,0.17294787,0.107194684,0.5244546,0.08617901,0.3110489,2.1982687,2.0766666
tensor(3),M1,Animal3_M1_5,1,0.0,1.0,0.0,0.0,0.0,0.0,0.33333334,1.3333334,0.29687572,0.41851524,0.021325875,0.38397217,0.6188944,0.42416483,0.40432626,2.5680747,2.719537
tensor(3),M1,Animal3_M1_6,1,0.0,1.0,0.0,0.0,0.0,0.0,0.33333334,1.3333334,0.43875685,0.49634278,-0.01458713,0.56123304,0.6831353,0.3856058,0.53650546,3.086992,3.1585078
tensor(3),M2,Animal3_M2_1,1,1.0,1.3333334,0.6666667,0.33333334,1.0,0.6666667,1.3333334,6.3333335,0.6603093,1.0929408,0.49683022,0.6198931,0.8392368,0.8550357,0.67294705,5.237193,5.539332
tensor(3),M2,Animal3_M2_1,1,1.0,1.3333334,0.6666667,0.33333334,1.0,0.6666667,1.3333334,6.3333335,0.86945313,0.8459436,0.43969616,1.0029012,1.0779165,0.959853,0.41664404,5.6124077,5.7276177
tensor(3),M2,Animal3_M2_2,1,1.0,1.3333334,0.6666667,0.33333334,1.0,0.6666667,1.3333334,6.3333335,0.8274313,0.8934948,0.2923012,1.1218451,1.1267987,1.0041193,0.5454427,5.8114333,6.077004
tensor(3),M2,Animal3_M2_3,1,1.0,1.3333334,0.6666667,0.33333334,1.0,0.6666667,1.3333334,6.3333335,0.86859405,1.1648496,0.40422538,0.97852063,1.0705332,0.7747079,0.71030414,5.971735,6.2025776
tensor(1),M4,Animal1_M4_1,1,0.0,0.6666667,0.0,0.33333334,0.33333334,0.33333334,0.33333334,2.0,0.49191442,0.42790562,0.054680984,0.25057715,0.31411678,0.37092227,0.14266083,2.052778,2.0574696
tensor(1),M4,Animal1_M4_2,1,0.0,0.6666667,0.0,0.33333334,0.33333334,0.33333334,0.33333334,2.0,0.29665464,0.39235285,0.09297907,0.08849383,0.17154187,0.33267918,0.2054383,1.5801396,1.6502094
tensor(1),M4,Animal1_M4_3,1,0.0,0.6666667,0.0,0.33333334,0.33333334,0.33333334,0.33333334,2.0,0.3237515,0.4238866,0.10489111,0.26123786,0.30336347,0.19079435,0.22146079,1.8293858,1.6996976
tensor(1),M3,Animal1_M3_1,1,0.0,0.6666667,0.0,1.0,0.6666667,0.0,0.0,2.3333333,0.46729982,0.69405407,0.16659777,0.039258957,0.5124309,0.3391896,0.10365442,2.3224854,3.3450193
tensor(1),M3,Animal1_M3_2,1,0.0,0.6666667,0.0,1.0,0.6666667,0.0,0.0,2.3333333,0.5021343,0.79388547,0.26765698,0.19874874,0.5911307,0.3887222,0.20763555,2.949914,3.824765
tensor(1),M3,Animal1_M3_3,1,0.0,0.6666667,0.0,1.0,0.6666667,0.0,0.0,2.3333333,0.37734923,0.6828559,0.15096876,0.04089666,0.5026194,0.3571859,0.08156292,2.1934388,3.1621766
tensor(1),M1,Animal1_M1_1,1,0.33333334,0.6666667,0.0,0.33333334,0.0,0.0,0.0,1.3333334,0.58177525,0.70455706,0.17636563,0.233996,0.5599116,0.20404279,0.31071883,2.771367,2.3481865
tensor(1),M1,Animal1_M1_2,1,0.33333334,0.6666667,0.0,0.33333334,0.0,0.0,0.0,1.3333334,0.32014677,0.5127683,0.24913569,0.09875483,0.41334105,0.028915746,0.12511408,1.7481766,1.6606324
tensor(1),M1,Animal1_M1_3,1,0.33333334,0.6666667,0.0,0.33333334,0.0,0.0,0.0,1.3333334,0.63821054,0.5240329,0.1012333,0.18450996,0.53942627,0.17613539,0.39074636,2.5542948,1.9045436
tensor(1),M0,Animal1_M0_1,1,0.0,1.0,0.0,0.0,0.0,0.0,0.0,0.5,0.38779092,0.2728722,0.0026553161,0.27657497,0.62816495,0.40674138,0.19318743,2.1679873,2.5544116
tensor(1),M0,Animal1_M0_2,1,0.0,1.0,0.0,0.0,0.0,0.0,0.0,0.5,0.6240878,0.38120732,0.071679994,0.27968422,1.123299,0.38785437,0.29062015,3.158433,3.2815397
tensor(1),M0,Animal1_M0_3,1,0.0,1.0,0.0,0.0,0.0,0.0,0.0,0.5,0.67462695,0.25298464,0.11647804,0.4196965,0.73909485,0.3512523,0.23093781,2.7850711,2.8996928
tensor(1),M0,Animal1_M0_4,1,0.0,1.0,0.0,0.0,0.0,0.0,0.0,0.5,0.48590195,0.4472528,0.13978006,0.41195983,0.67273486,0.469055,0.20796923,2.8346536,2.8070319
tensor(1),M2,Animal1_M2_1,1,0.33333334,1.0,0.0,0.33333334,0.6666667,0.33333334,0.6666667,3.3333333,0.9276709,0.879933,0.20468096,0.25627458,0.5408882,0.65069073,0.5904513,4.0505896,4.7787886
tensor(1),M2,Animal1_M2_2,1,0.33333334,1.0,0.0,0.33333334,0.6666667,0.33333334,0.6666667,3.3333333,0.9515094,0.93151253,0.24794252,0.27341336,0.80763525,0.77633864,0.5931324,4.581484,5.0088267
tensor(1),M2,Animal1_M2_3,1,0.33333334,1.0,0.0,0.33333334,0.6666667,0.33333334,0.6666667,3.3333333,0.8970915,0.78934216,0.35426265,0.28316414,0.6753403,0.60982245,0.50387764,4.1129007,5.1018233
tensor(1),M2,Animal1_M2_4,1,0.33333334,1.0,0.0,0.33333334,0.6666667,0.33333334,0.6666667,3.3333333,1.0521518,0.86360806,0.24049251,0.26253042,0.77834463,0.77399004,0.5548897,4.5260067,4.86133
tensor(16),M4,Animal16_M4_1,2,0.33333334,1.0,0.0,0.0,0.0,0.5,0.0,1.6666666,0.3559896,0.6579832,0.4714287,0.34495467,0.81776196,0.60274494,0.3371979,3.588061,3.260684
tensor(16),M4,Animal16_M4_2,2,0.33333334,1.0,0.0,0.0,0.0,0.5,0.0,1.6666666,0.37312183,0.64016575,0.4747609,0.34297454,0.8297514,0.61461556,0.35128748,3.6266775,3.245848
tensor(16),M1,Animal16_M1_1,2,0.0,0.33333334,0.0,0.0,0.0,0.0,0.0,0.33333334,0.57212234,0.64727426,0.5650697,0.47279453,0.876754,0.68201804,0.5088009,4.324834,3.5338118
tensor(16),M1,Animal16_M1_2,2,0.0,0.33333334,0.0,0.0,0.0,0.0,0.0,0.33333334,0.70886093,0.72853756,0.55956817,0.5867917,0.87471277,0.7184589,0.57427293,4.7512026,3.615779
tensor(16),M1,Animal16_M1_3,2,0.0,0.33333334,0.0,0.0,0.0,0.0,0.0,0.33333334,0.6462561,0.72493196,0.5954797,0.55460423,0.8064744,0.6384913,0.5094698,4.475707,3.6685674
tensor(16),M0,Animal16_M0_1,2,0.33333334,0.0,0.0,0.0,0.6666667,0.33333334,0.0,1.3333334,0.71841645,0.63859534,0.51013005,0.48013127,0.7635571,0.7652264,0.60149056,4.477547,3.4363706
tensor(16),M0,Animal16_M0_2,2,0.33333334,0.0,0.0,0.0,0.6666667,0.33333334,0.0,1.3333334,0.7240903,0.61931205,0.5043698,0.46303743,0.75163525,0.7355453,0.633799,4.431789,3.436441
tensor(16),M0,Animal16_M0_3,2,0.33333334,0.0,0.0,0.0,0.6666667,0.33333334,0.0,1.3333334,0.73126155,0.63931155,0.5505906,0.5212855,0.7367254,0.7474266,0.61149263,4.538094,3.426378
tensor(16),M1,Animal16_M1_1,2,0.0,0.33333334,0.0,0.0,0.0,0.0,0.0,0.33333334,0.63823587,0.683847,0.5654319,0.45383495,0.7948001,0.5522985,0.5434012,4.231849,3.6122735
tensor(16),M1,Animal16_M1_2,2,0.0,0.33333334,0.0,0.0,0.0,0.0,0.0,0.33333334,0.72778267,0.6271719,0.57479763,0.5132191,0.8053829,0.76390964,0.5127345,4.5249987,3.6949081
tensor(16),M1,Animal16_M1_1,2,0.0,0.33333334,0.0,0.0,0.0,0.0,0.0,0.33333334,0.62077814,0.65887827,0.5877933,0.49198622,0.8704713,0.64959437,0.54275644,4.422258,3.593442
tensor(11),M2,Animal11_M2_1,2,1.3333334,1.0,0.33333334,1.6666666,1.6666666,0.6666667,0.33333334,7.0,0.75041616,0.6416043,0.549591,0.62105,0.76202303,0.8433027,0.7000798,4.868067,3.5967813
tensor(11),M2,Animal11_M2_2,2,1.3333334,1.0,0.33333334,1.6666666,1.6666666,0.6666667,0.33333334,7.0,0.73550063,0.64264035,0.48592818,0.53484,0.7013116,0.8210251,0.643431,4.564677,3.566526
tensor(11),M2,Animal11_M2_3,2,1.3333334,1.0,0.33333334,1.6666666,1.6666666,0.6666667,0.33333334,7.0,0.74049246,0.58507437,0.4458112,0.56579876,0.7395248,0.8218717,0.6560802,4.5546536,3.5626392
tensor(11),M1,Animal11_M1_1,2,0.0,0.6666667,0.6666667,0.33333334,0.6666667,0.33333334,0.33333334,3.0,0.72842216,0.54805243,0.525391,0.47314727,0.8157483,0.68820906,0.5690966,4.348067,3.5795403
tensor(11),M1,Animal11_M1_2,2,0.0,0.6666667,0.6666667,0.33333334,0.6666667,0.33333334,0.33333334,3.0,0.8428422,0.6177748,0.504456,0.6306296,0.8062957,0.8335877,0.56008625,4.7956724,3.5495741
tensor(11),M1,Animal11_M1_3,2,0.0,0.6666667,0.6666667,0.33333334,0.6666667,0.33333334,0.33333334,3.0,0.7194886,0.6062644,0.55803955,0.54234385,0.8930043,0.79829335,0.54113215,4.6585665,3.6224627
tensor(11),M3,Animal11_M3_1,2,1.0,1.0,0.6666667,1.0,1.0,0.6666667,0.33333334,5.6666665,0.5314276,0.62559414,0.49291027,0.46668774,0.9633932,0.6925098,0.54245335,4.314976,3.415189
tensor(11),M4,Animal11_M4_1,2,1.0,1.0,0.6666667,0.6666667,0.6666667,0.33333334,1.0,5.3333335,0.7269173,0.50370544,0.41692084,0.43755955,0.8530648,0.79263353,0.54762286,4.2784243,3.5139313
tensor(11),M4,Animal11_M4_2,2,1.0,1.0,0.6666667,0.6666667,0.6666667,0.33333334,1.0,5.3333335,0.7301639,0.5738502,0.45095694,0.5168203,0.70408446,0.7516538,0.6026953,4.330225,3.6056309
tensor(11),M4,Animal11_M4_3,2,1.0,1.0,0.6666667,0.6666667,0.6666667,0.33333334,1.0,5.3333335,0.73704684,0.50304514,0.45659998,0.50493824,0.6719996,0.77332056,0.63900876,4.2859592,3.5673356
tensor(11),M3,Animal11_M3_1,2,1.0,1.0,0.6666667,1.0,1.0,0.6666667,0.33333334,5.6666665,0.60377955,0.6442821,0.53496,0.4821499,0.88761955,0.64974654,0.596687,4.3992248,3.4745662
tensor(11),M3,Animal11_M3_2,2,1.0,1.0,0.6666667,1.0,1.0,0.6666667,0.33333334,5.6666665,0.63125837,0.6252927,0.53044015,0.48026747,0.8575822,0.656431,0.61935884,4.400631,3.5122125
tensor(11),M0,Animal11_M0_1,2,0.33333334,0.6666667,0.0,0.0,0.0,0.6666667,0.33333334,2.0,0.7577607,0.6055708,0.57093704,0.5935489,0.9143031,0.7790097,0.57414156,4.795272,3.567477
tensor(11),M0,Animal11_M0_2,2,0.33333334,0.6666667,0.0,0.0,0.0,0.6666667,0.33333334,2.0,0.69313073,0.5298257,0.58259225,0.5037864,0.932815,0.7963389,0.5555826,4.594072,3.5227466
tensor(11),M0,Animal11_M0_3,2,0.33333334,0.6666667,0.0,0.0,0.0,0.6666667,0.33333334,2.0,0.7333616,0.54907775,0.593526,0.50444716,0.9285733,0.7805752,0.51443136,4.6039925,3.5309691
tensor(19),M2,Animal19_M2_1,3,0.6666667,1.6666666,1.5,0.33333334,1.6666666,1.3333334,1.0,7.6666665,0.40373775,0.86943054,0.36464065,0.59049356,0.88840616,0.69917256,0.5333909,4.349272,4.5153766
tensor(19),M2,Animal19_M2_2,3,0.6666667,1.6666666,1.5,0.33333334,1.6666666,1.3333334,1.0,7.6666665,0.4391146,0.82811576,0.36169243,0.56560534,0.9402653,0.7829344,0.4805233,4.398251,4.5381675
tensor(19),M2,Animal19_M2_3,3,0.6666667,1.6666666,1.5,0.33333334,1.6666666,1.3333334,1.0,7.6666665,0.5329274,0.9237495,0.44717494,0.68153363,0.98256403,0.8000131,0.5342708,4.9022336,4.7881927
tensor(19),M4,Animal19_M4_1,3,0.6666667,1.0,0.33333334,0.0,0.33333334,1.0,1.0,4.3333335,0.799649,0.7193601,0.49189112,0.62378514,0.7710733,0.52866185,0.40659922,4.3410196,4.239878
tensor(19),M4,Animal19_M4_2,3,0.6666667,1.0,0.33333334,0.0,0.33333334,1.0,1.0,4.3333335,0.6855203,0.8601421,0.38510028,0.60684377,0.7735999,0.28463352,0.42476794,4.020608,4.1993527
tensor(19),M4,Animal19_M4_3,3,0.6666667,1.0,0.33333334,0.0,0.33333334,1.0,1.0,4.3333335,0.8583268,0.8775497,0.5592345,0.705922,0.9285206,0.58578914,0.505877,5.0212197,4.4804363
tensor(19),M4,Animal19_M4_4,3,0.6666667,1.0,0.33333334,0.0,0.33333334,1.0,1.0,4.3333335,0.9640558,0.8858889,0.5599713,0.7570478,1.0251983,0.701879,0.6310876,5.5251284,4.753559
tensor(19),M1,Animal19_M1_1,3,0.0,1.3333334,0.6666667,0.0,0.0,1.0,0.6666667,3.6666667,0.75986993,0.8390506,0.4157452,0.51696295,0.8252471,0.62409747,0.563403,4.5443764,4.401818
tensor(19),M1,Animal19_M1_2,3,0.0,1.3333334,0.6666667,0.0,0.0,1.0,0.6666667,3.6666667,0.96403193,1.1567497,0.5364632,0.55493224,0.8171119,0.6269742,0.7149325,5.371196,4.724154
tensor(19),M1,Animal19_M1_3,3,0.0,1.3333334,0.6666667,0.0,0.0,1.0,0.6666667,3.6666667,0.6568434,0.7898383,0.27082616,0.33879295,0.6140307,0.4086578,0.520832,3.5998216,3.804368
tensor(19),M1,Animal19_M1_4,3,0.0,1.3333334,0.6666667,0.0,0.0,1.0,0.6666667,3.6666667,0.6059894,0.6345634,0.27230006,0.3967106,0.74054915,0.6371947,0.62412715,3.9114344,4.227966
tensor(19),M0,Animal19_M0_1,3,0.33333334,0.6666667,0.33333334,0.0,0.6666667,0.6666667,1.0,3.6666667,0.87761724,0.70693856,0.4235038,0.7189907,0.85532165,0.80862874,0.44875863,4.8397593,4.4695024
tensor(19),M0,Animal19_M0_2,3,0.33333334,0.6666667,0.33333334,0.0,0.6666667,0.6666667,1.0,3.6666667,0.695585,0.6389978,0.35221636,0.7227159,0.951137,0.86663544,0.5279267,4.755214,4.6444783
tensor(19),M0,Animal19_M0_3,3,0.33333334,0.6666667,0.33333334,0.0,0.6666667,0.6666667,1.0,3.6666667,0.92200744,0.7306514,0.42656478,0.656505,1.0567403,0.77682245,0.42944956,4.998741,4.6955442
tensor(19),M2,Animal19_M2_1,3,0.6666667,1.6666666,1.5,0.33333334,1.6666666,1.3333334,1.0,7.6666665,0.85392743,0.9324481,0.6103982,0.89977545,1.0069647,1.2061138,0.6648777,6.174505,5.0187345
tensor(19),M2,Animal19_M2_2,3,0.6666667,1.6666666,1.5,0.33333334,1.6666666,1.3333334,1.0,7.6666665,0.62622404,0.73974127,0.45795107,0.95363456,0.8844107,0.987191,0.67385036,5.3230033,4.820396
tensor(12),M4,Animal12_M4_1,3,0.33333334,0.33333334,0.0,0.0,0.6666667,0.6666667,0.33333334,2.3333333,0.6178833,0.67242086,0.13255134,0.5394925,0.609268,0.5095209,0.45552504,3.536662,3.4730604
tensor(12),M4,Animal12_M4_2,3,0.33333334,0.33333334,0.0,0.0,0.6666667,0.6666667,0.33333334,2.3333333,0.743206,0.53279704,0.040786196,0.5004706,0.8384285,0.4985606,0.41258582,3.566835,3.5934887
tensor(12),M4,Animal12_M4_3,3,0.33333334,0.33333334,0.0,0.0,0.6666667,0.6666667,0.33333334,2.3333333,0.59085155,0.60440034,0.12933026,0.4481433,0.75446635,0.49538577,0.40797696,3.4305544,3.474329
tensor(12),M4,Animal12_M4_4,3,0.33333334,0.33333334,0.0,0.0,0.6666667,0.6666667,0.33333334,2.3333333,0.55264896,0.627459,0.29195827,0.48059168,0.8291114,0.50171214,0.31300622,3.5964878,3.7739785
tensor(12),M2,Animal12_M2_1,3,0.33333334,1.0,0.33333334,0.33333334,0.6666667,0.6666667,0.33333334,3.6666667,0.42685723,0.86682534,0.28216958,0.42402095,0.91159123,0.48913723,0.14985082,3.5504525,4.2136474
tensor(12),M3,Animal12_M3_1,3,0.33333334,0.33333334,0.0,0.6666667,0.6666667,0.0,0.33333334,2.3333333,0.20217915,0.7973062,0.2143315,0.38357314,0.81563306,0.422049,-0.02725675,2.807815,3.8680768
tensor(12),M3,Animal12_M3_2,3,0.33333334,0.33333334,0.0,0.6666667,0.6666667,0.0,0.33333334,2.3333333,0.21346913,0.81263644,0.2171463,0.39974818,0.78394157,0.43167347,0.025327561,2.8839426,3.923241
tensor(12),M3,Animal12_M3_3,3,0.33333334,0.33333334,0.0,0.6666667,0.6666667,0.0,0.33333334,2.3333333,0.22442958,0.79224074,0.2222066,0.38496137,0.82413983,0.41143453,-0.0056693703,2.8537433,3.884841
tensor(12),M2,Animal12_M2_1,3,0.33333334,1.0,0.33333334,0.33333334,0.6666667,0.6666667,0.33333334,3.6666667,0.26185614,0.8279609,0.2649719,0.37701586,0.7937492,0.45530134,0.072024636,3.05288,3.9802547
tensor(12),M2,Animal12_M2_2,3,0.33333334,1.0,0.33333334,0.33333334,0.6666667,0.6666667,0.33333334,3.6666667,0.32106325,0.8196325,0.30687574,0.41683644,0.79345685,0.48370147,0.16875622,3.3103225,4.1600623
tensor(12),M2,Animal12_M2_3,3,0.33333334,1.0,0.33333334,0.33333334,0.6666667,0.6666667,0.33333334,3.6666667,0.27000076,0.848698,0.24763837,0.39327344,0.82054836,0.47324347,0.07512036,3.1285226,4.037539
tensor(12),M0,Animal12_M0_1,3,0.33333334,0.6666667,0.0,0.0,0.6666667,0.0,0.0,1.6666666,0.63707,0.5135879,0.21181746,0.3991884,0.81985503,0.45478934,0.25890383,3.2952118,3.6406772
tensor(12),M0,Animal12_M0_2,3,0.33333334,0.6666667,0.0,0.0,0.6666667,0.0,0.0,1.6666666,0.4858592,0.5323235,0.1568774,0.56902933,0.7053812,0.47081912,0.1971645,3.1174543,3.6189494
tensor(12),M0,Animal12_M0_3,3,0.33333334,0.6666667,0.0,0.0,0.6666667,0.0,0.0,1.6666666,0.5632123,0.62481904,0.25116694,0.52142066,0.7281314,0.44544685,0.26993197,3.404129,3.6160269
tensor(12),M0,Animal12_M0_4,3,0.33333334,0.6666667,0.0,0.0,0.6666667,0.0,0.0,1.6666666,0.2611293,0.49046057,0.20422441,0.44350463,0.5273444,0.48134464,0.11440089,2.5224087,3.4044557
tensor(12),M1,Animal12_M1_1,3,0.33333334,0.6666667,0.0,0.0,0.0,0.0,0.0,1.0,0.3740678,0.30173904,0.13482195,-0.077384084,0.3195475,0.16740811,0.31048402,1.5306842,2.7268155
tensor(12),M1,Animal12_M1_2,3,0.33333334,0.6666667,0.0,0.0,0.0,0.0,0.0,1.0,0.34407994,0.3437933,0.08070147,-0.041578457,0.43264228,0.258398,0.17260444,1.590641,2.8045044
tensor(12),M1,Animal12_M1_3,3,0.33333334,0.6666667,0.0,0.0,0.0,0.0,0.0,1.0,0.45401204,0.29366714,0.08501773,0.057593305,0.37076744,0.27840382,0.1609967,1.7004583,2.7752357
tensor(12),M1,Animal12_M1_4,3,0.33333334,0.6666667,0.0,0.0,0.0,0.0,0.0,1.0,0.34541008,0.25454757,0.09290543,-0.02845945,0.4282289,0.24228776,0.23002851,1.5649488,2.69294
tensor(6),M2,Animal6_M2_1,4,2.0,1.0,0.6666667,1.3333334,1.6666666,1.3333334,0.33333334,8.333333,0.7197106,1.0013778,0.585255,0.7571393,1.049368,0.5661729,0.7260567,5.4050803,4.0628347
tensor(6),M2,Animal6_M2_2,4,2.0,1.0,0.6666667,1.3333334,1.6666666,1.3333334,0.33333334,8.333333,0.7319816,0.8209012,0.5252355,0.85064256,1.0042151,0.60289454,0.58153546,5.1174064,3.9891593
tensor(6),M2,Animal6_M2_3,4,2.0,1.0,0.6666667,1.3333334,1.6666666,1.3333334,0.33333334,8.333333,0.73979276,1.0083557,0.588976,0.7869828,1.0659399,0.62883985,0.726416,5.5453033,4.095156
tensor(6),M2,Animal6_M2_4,4,2.0,1.0,0.6666667,1.3333334,1.6666666,1.3333334,0.33333334,8.333333,0.80510354,0.9445566,0.66182303,0.833092,1.1096369,0.5806024,0.6355264,5.570341,4.1811647
tensor(6),M4,Animal6_M4_1,4,1.0,0.6666667,0.6666667,0.33333334,0.6666667,0.6666667,0.33333334,4.3333335,0.7945068,0.90735203,0.5978805,0.71377355,1.0339451,0.75666326,0.59345007,5.3975716,4.2104564
tensor(6),M4,Animal6_M4_2,4,1.0,0.6666667,0.6666667,0.33333334,0.6666667,0.6666667,0.33333334,4.3333335,0.55588025,0.89377254,0.3540414,0.6066445,0.77291083,0.5989576,0.43310282,4.21531,3.7862082
tensor(6),M4,Animal6_M4_3,4,1.0,0.6666667,0.6666667,0.33333334,0.6666667,0.6666667,0.33333334,4.3333335,0.643786,0.83532006,0.3984699,0.47325978,0.83618593,0.6331737,0.4100156,4.230211,3.812461
tensor(6),M3,Animal6_M3_1,4,1.6666666,1.3333334,0.33333334,1.3333334,1.3333334,0.6666667,0.33333334,7.0,0.8027286,0.9791624,0.5744459,0.8027596,1.1433778,0.6822493,0.6375668,5.6222906,4.535173
tensor(6),M3,Animal6_M3_2,4,1.6666666,1.3333334,0.33333334,1.3333334,1.3333334,0.6666667,0.33333334,7.0,0.81574416,1.0146422,0.5728694,0.78314966,1.0740197,0.71516424,0.6316009,5.60719,4.4985437
tensor(6),M3,Animal6_M3_1,4,1.6666666,1.3333334,0.33333334,1.3333334,1.3333334,0.6666667,0.33333334,7.0,0.84002215,0.9832868,0.5532875,0.7566401,1.0736812,0.6558139,0.56002045,5.422752,4.4276576
tensor(6),M3,Animal6_M3_1,4,1.6666666,1.3333334,0.33333334,1.3333334,1.3333334,0.6666667,0.33333334,7.0,0.5244679,0.9300461,0.4020855,0.6391661,0.8992941,0.56880003,0.44186348,4.4057226,4.3338737
tensor(6),M4,Animal6_M4_1,4,1.0,0.6666667,0.6666667,0.33333334,0.6666667,0.6666667,0.33333334,4.3333335,0.63542956,0.8919849,0.4013016,0.6406031,1.0199893,0.6949145,0.5649704,4.849193,4.101181
tensor(6),M0,Animal6_M0_1,4,1.0,0.6666667,0.0,0.0,0.6666667,0.0,0.0,2.3333333,0.6859994,0.77541745,0.46915114,0.8014728,1.060311,0.5951158,0.53432024,4.9217877,4.0865154
tensor(6),M0,Animal6_M0_2,4,1.0,0.6666667,0.0,0.0,0.6666667,0.0,0.0,2.3333333,0.79115206,0.8238228,0.47726974,0.8539013,1.1505136,0.6273652,0.55949825,5.283523,4.132992
tensor(6),M0,Animal6_M0_3,4,1.0,0.6666667,0.0,0.0,0.6666667,0.0,0.0,2.3333333,0.77365345,0.8608101,0.49922162,0.84034824,1.1236901,0.63437146,0.5690218,5.301117,4.1305957
tensor(6),M1,Animal6_M1_1,4,0.6666667,0.6666667,0.33333334,0.6666667,0.33333334,0.6666667,0.33333334,3.6666667,0.70575976,0.89189345,0.49223337,0.85316527,1.173702,0.6347092,0.82671314,5.578176,4.187963
tensor(6),M1,Animal6_M1_2,4,0.6666667,0.6666667,0.33333334,0.6666667,0.33333334,0.6666667,0.33333334,3.6666667,0.63048387,0.9559724,0.51967365,0.51827633,0.8400256,0.68644446,0.7239001,4.8747764,3.9524899
tensor(6),M1,Animal6_M1_3,4,0.6666667,0.6666667,0.33333334,0.6666667,0.33333334,0.6666667,0.33333334,3.6666667,0.8176821,1.0129497,0.5040996,0.8400233,1.1689551,0.6667298,0.79196155,5.8024006,4.2683487
tensor(6),M1,Animal6_M1_4,4,0.6666667,0.6666667,0.33333334,0.6666667,0.33333334,0.6666667,0.33333334,3.6666667,0.8337935,1.0670364,0.50674814,0.74906605,1.1127117,0.76353467,0.7328584,5.7657485,4.265474
tensor(18),M3,Animal18_M3_1,4,0.33333334,0.0,0.0,0.33333334,1.0,0.5,0.33333334,2.3333333,0.46756023,0.91571105,0.36990798,0.5007525,0.92052484,0.51810306,0.3935814,4.086141,4.3921704
tensor(18),M2,Animal18_M2_1,4,1.0,1.0,0.33333334,1.0,1.0,1.3333334,1.3333334,7.0,0.7088624,0.89687127,0.59691226,0.53145397,0.79363585,0.6269768,0.72871447,4.883427,4.041055
tensor(18),M4,Animal18_M4_1,4,0.0,0.33333334,0.0,0.0,1.0,0.6666667,0.0,2.0,0.70017684,1.0525147,0.41083705,0.59077495,0.9667388,0.5960907,0.6430135,4.9601464,4.098691
tensor(18),M4,Animal18_M4_2,4,0.0,0.33333334,0.0,0.0,1.0,0.6666667,0.0,2.0,0.71616656,1.1326022,0.5368454,0.7577846,1.0478041,0.71083456,0.8528364,5.754874,4.1152873
tensor(18),M4,Animal18_M4_3,4,0.0,0.33333334,0.0,0.0,1.0,0.6666667,0.0,2.0,0.7806003,1.0546132,0.5663012,0.79241765,1.0680279,0.7692811,0.79047066,5.821712,4.235198
tensor(18),M4,Animal18_M4_4,4,0.0,0.33333334,0.0,0.0,1.0,0.6666667,0.0,2.0,0.76390374,1.0252324,0.46841466,0.7257823,0.963173,0.70822674,0.6946387,5.349372,4.129159
tensor(18),M2,Animal18_M2_1,4,1.0,1.0,0.33333334,1.0,1.0,1.3333334,1.3333334,7.0,0.7633266,0.9471266,0.55571616,0.68938744,0.9999539,0.67533606,0.7192328,5.3500795,4.2869997
tensor(18),M2,Animal18_M2_2,4,1.0,1.0,0.33333334,1.0,1.0,1.3333334,1.3333334,7.0,0.8132968,0.93734986,0.5560658,0.5383268,0.965334,0.80462974,0.5660283,5.181031,4.147258
tensor(18),M2,Animal18_M2_3,4,1.0,1.0,0.33333334,1.0,1.0,1.3333334,1.3333334,7.0,0.8270343,0.9446653,0.54559934,0.48022217,1.0012262,0.7923463,0.6243446,5.2154384,4.1963873
tensor(18),M1,Animal18_M1_1,4,0.0,0.6666667,0.33333334,0.33333334,0.6666667,0.33333334,0.33333334,2.6666667,0.8279161,1.0020669,0.47133824,0.65595645,0.961636,0.59346515,0.53673553,5.049114,4.279671
tensor(18),M1,Animal18_M1_2,4,0.0,0.6666667,0.33333334,0.33333334,0.6666667,0.33333334,0.33333334,2.6666667,0.86769074,1.0164597,0.48811916,0.62755686,0.95653677,0.7069957,0.5608139,5.2241726,4.2703705
tensor(18),M1,Animal18_M1_3,4,0.0,0.6666667,0.33333334,0.33333334,0.6666667,0.33333334,0.33333334,2.6666667,0.86140674,1.0459176,0.5259159,0.6703438,0.99837655,0.66846186,0.626099,5.396522,4.280058
tensor(18),M1,Animal18_M1_1,4,0.0,0.6666667,0.33333334,0.33333334,0.6666667,0.33333334,0.33333334,2.6666667,0.61909145,0.8433785,0.5609051,0.644129,0.8074342,0.5804753,0.7594174,4.814831,3.9412007
tensor(18),M1,Animal18_M1_2,4,0.0,0.6666667,0.33333334,0.33333334,0.6666667,0.33333334,0.33333334,2.6666667,0.545385,1.0346961,0.46830446,0.49327534,0.7310444,0.5407295,0.7174846,4.5309196,3.8029542
tensor(18),M0,Animal18_M0_1,4,0.6666667,0.33333334,0.0,0.0,0.0,0.0,0.0,1.0,0.6499442,0.76457363,0.41770336,0.39311862,0.73098016,0.64956987,0.61288387,4.218774,4.01673
tensor(18),M0,Animal18_M0_2,4,0.6666667,0.33333334,0.0,0.0,0.0,0.0,0.0,1.0,0.5118044,0.88741416,0.49382555,0.33264163,0.84188133,0.5048298,0.7142496,4.2866464,3.8852081
tensor(18),M0,Animal18_M0_3,4,0.6666667,0.33333334,0.0,0.0,0.0,0.0,0.0,1.0,0.6469451,1.0499343,0.40084141,0.5150702,0.8668622,0.699182,0.7446623,4.923497,3.8863246
tensor(21),M4,Animal21_M4_1,5,0.33333334,0.6666667,0.0,0.33333334,0.33333334,0.33333334,1.0,3.0,0.7954882,0.9332055,0.4764913,0.5300811,1.011669,0.782389,0.4433774,4.9727015,4.153601
tensor(21),M4,Animal21_M4_2,5,0.33333334,0.6666667,0.0,0.33333334,0.33333334,0.33333334,1.0,3.0,0.8392527,0.97098607,0.5105382,0.53884417,1.0814985,0.69880354,0.5254905,5.165414,4.397414
tensor(21),M4,Animal21_M4_3,5,0.33333334,0.6666667,0.0,0.33333334,0.33333334,0.33333334,1.0,3.0,0.8276553,1.0283406,0.49982995,0.56379485,1.0680977,0.74703693,0.49728194,5.2320375,4.3422656
tensor(21),M4,Animal21_M4_4,5,0.33333334,0.6666667,0.0,0.33333334,0.33333334,0.33333334,1.0,3.0,0.83262396,0.9865714,0.44971249,0.6568817,1.0321963,0.77377826,0.52428675,5.2560506,4.2486434
tensor(21),M4,Animal21_M4_5,5,0.33333334,0.6666667,0.0,0.33333334,0.33333334,0.33333334,1.0,3.0,0.78105855,0.9205172,0.49512747,0.586127,1.0116571,0.7199718,0.53783137,5.0522904,4.290828
tensor(21),M0,Animal21_M0_1,5,0.6666667,0.33333334,0.0,0.33333334,0.6666667,0.33333334,0.6666667,3.0,0.7878707,0.87073046,0.38411015,0.5464228,0.9495697,0.73252934,0.5353993,4.8066325,4.274245
tensor(21),M0,Animal21_M0_2,5,0.6666667,0.33333334,0.0,0.33333334,0.6666667,0.33333334,0.6666667,3.0,0.73645353,0.87084574,0.33436707,0.43665153,0.8950298,0.7043617,0.48533097,4.4630404,4.064965
tensor(21),M0,Animal21_M0_3,5,0.6666667,0.33333334,0.0,0.33333334,0.6666667,0.33333334,0.6666667,3.0,0.82786137,0.9642891,0.29023653,0.46344388,0.93536067,0.71769917,0.4907135,4.689604,4.1476793
tensor(21),M1,Animal21_M1_1,5,1.0,0.6666667,0.33333334,0.33333334,0.6666667,0.33333334,0.33333334,3.6666667,0.8437125,0.8744221,0.3261373,0.5358512,0.990072,0.72663957,0.41908225,4.7159166,4.0324974
tensor(21),M1,Animal21_M1_2,5,1.0,0.6666667,0.33333334,0.33333334,0.6666667,0.33333334,0.33333334,3.6666667,0.7250763,0.826732,0.4929884,0.51022935,1.0712783,0.64371,0.5266347,4.796649,4.0953813
tensor(21),M1,Animal21_M1_3,5,1.0,0.6666667,0.33333334,0.33333334,0.6666667,0.33333334,0.33333334,3.6666667,0.7419873,0.87849814,0.39995897,0.5008151,0.9920939,0.67735034,0.5075634,4.698267,4.109023
tensor(21),M3,Animal21_M3_1,5,0.0,0.6666667,0.33333334,0.0,0.33333334,0.6666667,0.0,2.0,0.67537653,0.9336361,0.3279167,0.49800378,1.0073777,0.7266944,0.42605644,4.595062,4.055623
tensor(21),M3,Animal21_M3_2,5,0.0,0.6666667,0.33333334,0.0,0.33333334,0.6666667,0.0,2.0,0.67326254,0.94092476,0.3337727,0.50283945,1.0162396,0.73048383,0.4251433,4.6226664,4.068258
tensor(21),M3,Animal21_M3_3,5,0.0,0.6666667,0.33333334,0.0,0.33333334,0.6666667,0.0,2.0,0.6814747,0.9268357,0.32948974,0.50625145,1.0125868,0.7236084,0.42127317,4.6015196,4.0655174
tensor(21),M3,Animal21_M3_1,5,0.0,0.6666667,0.33333334,0.0,0.33333334,0.6666667,0.0,2.0,0.69037956,0.9605091,0.34267423,0.5242663,1.0168285,0.7296739,0.4222041,4.686536,4.0747304
tensor(21),M3,Animal21_M3_2,5,0.0,0.6666667,0.33333334,0.0,0.33333334,0.6666667,0.0,2.0,0.68452364,0.9475692,0.338728,0.52366036,1.0209134,0.7317448,0.42158085,4.66872,4.0749717
tensor(21),M3,Animal21_M3_3,5,0.0,0.6666667,0.33333334,0.0,0.33333334,0.6666667,0.0,2.0,0.6833355,0.93543476,0.3398814,0.51839125,1.0212386,0.7286361,0.42322782,4.650145,4.0620766
tensor(21),M2,Animal21_M2_1,5,1.0,1.3333334,0.6666667,1.0,1.6666666,0.33333334,0.33333334,6.3333335,0.67422247,0.9554378,0.3339632,0.51432014,1.0238882,0.7571128,0.4206337,4.679578,4.088558
tensor(21),M2,Animal21_M2_2,5,1.0,1.3333334,0.6666667,1.0,1.6666666,0.33333334,0.33333334,6.3333335,0.68906486,0.95666337,0.3403262,0.5156853,1.0287975,0.7639802,0.43066582,4.7251835,4.110072
tensor(21),M2,Animal21_M2_3,5,1.0,1.3333334,0.6666667,1.0,1.6666666,0.33333334,0.33333334,6.3333335,0.67797333,0.9658206,0.34152192,0.50962627,1.0255827,0.74888045,0.41994527,4.689351,4.082899
tensor(2),M4,Animal2_M4_1,5,0.6666667,1.0,0.0,0.0,0.33333334,0.0,0.0,2.0,0.41599533,0.6189975,0.09966328,0.12077726,0.68910927,0.44333005,0.1625789,2.5504518,3.5659888
tensor(2),M4,Animal2_M4_1,5,0.6666667,1.0,0.0,0.0,0.33333334,0.0,0.0,2.0,0.47892565,0.7299431,0.024760796,0.20546903,0.6272338,0.5692727,0.25431347,2.8899186,3.672583
tensor(2),M3,Animal2_M3_1,5,1.0,2.0,0.6666667,0.0,0.6666667,1.0,0.6666667,6.0,0.71585053,0.9893437,0.33707726,0.5516502,1.0236101,0.7902954,0.44302842,4.8508554,4.1333194
tensor(2),M3,Animal2_M3_2,5,1.0,2.0,0.6666667,0.0,0.6666667,1.0,0.6666667,6.0,0.7186605,0.97547376,0.35022485,0.55484194,1.0421412,0.7790298,0.40600523,4.826377,4.1572514
tensor(2),M3,Animal2_M3_3,5,1.0,2.0,0.6666667,0.0,0.6666667,1.0,0.6666667,6.0,0.697535,0.9745063,0.3308276,0.5288578,1.0166239,0.773567,0.44710994,4.769027,4.1235166
tensor(2),M2,Animal2_M2_1,5,1.3333334,1.6666666,1.3333334,1.0,2.0,1.6666666,1.6666666,10.666667,0.6533662,0.9859915,0.2570442,0.48186195,0.9005581,0.73125166,0.5212236,4.531297,4.219633
tensor(2),M2,Animal2_M2_2,5,1.3333334,1.6666666,1.3333334,1.0,2.0,1.6666666,1.6666666,10.666667,0.6893923,0.8811346,0.27181435,0.50714034,0.96097124,0.7184888,0.5556818,4.5846233,4.2158203
tensor(2),M2,Animal2_M2_3,5,1.3333334,1.6666666,1.3333334,1.0,2.0,1.6666666,1.6666666,10.666667,0.6792741,0.9068035,0.27321535,0.5056603,0.89889324,0.7081663,0.52257186,4.494585,4.210404
tensor(2),M4,Animal2_M4_1,5,0.6666667,1.0,0.0,0.0,0.33333334,0.0,0.0,2.0,0.5369309,0.6090853,0.18088952,0.20409007,0.74139047,0.417973,0.36477032,3.0551298,3.7602072
tensor(2),M4,Animal2_M4_2,5,0.6666667,1.0,0.0,0.0,0.33333334,0.0,0.0,2.0,0.6192379,0.66805345,0.17399843,0.21946253,0.7576659,0.43489313,0.40255436,3.2758658,3.7460685
tensor(2),M4,Animal2_M4_3,5,0.6666667,1.0,0.0,0.0,0.33333334,0.0,0.0,2.0,0.41805747,0.7066732,0.010264648,0.12322255,0.63510334,0.39498377,0.233652,2.521957,3.4968898
tensor(2),M1,Animal2_M1_1,5,1.6666666,1.0,0.33333334,0.0,1.0,0.6666667,0.6666667,5.3333335,0.6650638,0.91405743,0.29084277,0.40609723,0.7742506,0.59323543,0.3407031,3.9842503,3.9813535
tensor(2),M1,Animal2_M1_2,5,1.6666666,1.0,0.33333334,0.0,1.0,0.6666667,0.6666667,5.3333335,0.68175817,0.90893334,0.3152811,0.35395908,0.7922319,0.5544443,0.34200013,3.9486082,3.9813795
tensor(2),M1,Animal2_M1_3,5,1.6666666,1.0,0.33333334,0.0,1.0,0.6666667,0.6666667,5.3333335,0.7085459,0.8573228,0.31327716,0.41512805,0.85300136,0.5200973,0.3484442,4.015817,4.045949
tensor(2),M0,Animal2_M0_1,5,0.0,0.33333334,0.0,0.0,0.0,0.33333334,0.0,0.6666667,0.7233837,0.8236322,0.2730892,0.38590378,0.95312077,0.5494798,0.32362744,4.0322366,3.956894
tensor(2),M0,Animal2_M0_2,5,0.0,0.33333334,0.0,0.0,0.0,0.33333334,0.0,0.6666667,0.6477989,0.81408405,0.29161447,0.38043952,0.843271,0.53511465,0.4137368,3.9260595,4.0002413
tensor(2),M0,Animal2_M0_3,5,0.0,0.33333334,0.0,0.0,0.0,0.33333334,0.0,0.6666667,0.73806286,0.8078396,0.35914758,0.47494495,0.99783194,0.55177796,0.3967435,4.3263483,4.1267853
tensor(7),M3,Animal7_M3_1,6,0.33333334,0.6666667,0.33333334,0.33333334,0.6666667,0.33333334,0.0,2.6666667,0.59024626,0.8911282,0.33366296,0.3517663,0.79648644,0.68623376,0.55825806,4.207782,4.3002834
tensor(7),M3,Animal7_M3_2,6,0.33333334,0.6666667,0.33333334,0.33333334,0.6666667,0.33333334,0.0,2.6666667,0.5944837,0.87308985,0.30342212,0.35291827,0.77768826,0.6653246,0.54838896,4.1153154,4.3229074
tensor(7),M3,Animal7_M3_3,6,0.33333334,0.6666667,0.33333334,0.33333334,0.6666667,0.33333334,0.0,2.6666667,0.57587475,0.88689387,0.3385969,0.35861856,0.80536133,0.6847523,0.5652703,4.2153683,4.312881
tensor(7),M3,Animal7_M3_4,6,0.33333334,0.6666667,0.33333334,0.33333334,0.6666667,0.33333334,0.0,2.6666667,0.57694364,0.8895649,0.32449642,0.36102164,0.80889195,0.685741,0.56234515,4.209005,4.316138
tensor(7),M4,Animal7_M4_1,6,0.0,0.6666667,0.0,0.0,0.33333334,0.33333334,0.0,1.3333334,0.621231,0.9201438,0.3366832,0.36205107,0.8124468,0.71755517,0.5703594,4.3404703,4.3952074
tensor(7),M4,Animal7_M4_2,6,0.0,0.6666667,0.0,0.0,0.33333334,0.33333334,0.0,1.3333334,0.63236034,0.9214704,0.34014335,0.3660432,0.8093097,0.7151133,0.58777374,4.372214,4.4074507
tensor(7),M2,Animal7_M2_1,6,1.0,1.6666666,0.6666667,1.0,1.6666666,1.0,0.6666667,7.6666665,0.6665607,0.9426232,0.38327372,0.40131772,0.82224333,0.77050686,0.6728336,4.659359,4.3767867
tensor(7),M2,Animal7_M2_2,6,1.0,1.6666666,0.6666667,1.0,1.6666666,1.0,0.6666667,7.6666665,0.66697866,0.98451275,0.41949221,0.41601616,0.8542928,0.7606277,0.70662534,4.8085456,4.400094
tensor(7),M4,Animal7_M4_1,6,0.0,0.6666667,0.0,0.0,0.33333334,0.33333334,0.0,1.3333334,0.59670126,0.91625196,0.34851822,0.3560632,0.80729055,0.69023955,0.5616101,4.2766747,4.336396
tensor(7),M2,Animal7_M2_1,6,1.0,1.6666666,0.6666667,1.0,1.6666666,1.0,0.6666667,7.6666665,0.6675673,0.92671436,0.3766124,0.3906808,0.8318545,0.75359845,0.66526616,4.612294,4.38049
tensor(7),M2,Animal7_M2_2,6,1.0,1.6666666,0.6666667,1.0,1.6666666,1.0,0.6666667,7.6666665,0.6714953,0.9390899,0.37278372,0.3810022,0.823391,0.7561267,0.65480554,4.598695,4.3756285
tensor(7),M0,Animal7_M0_1,6,0.33333334,0.33333334,0.0,0.0,0.33333334,0.0,0.0,1.0,0.6178694,0.84439903,0.686359,0.4726894,0.70200133,0.63223416,0.90233225,4.8578844,4.2517323
tensor(7),M0,Animal7_M0_2,6,0.33333334,0.33333334,0.0,0.0,0.33333334,0.0,0.0,1.0,0.6637447,0.81356686,0.5855285,0.54120547,0.91944915,0.6158605,0.8148115,4.9541664,4.386978
tensor(7),M0,Animal7_M0_3,6,0.33333334,0.33333334,0.0,0.0,0.33333334,0.0,0.0,1.0,0.6317567,0.8289214,0.50147253,0.43466634,0.8336224,0.5727444,0.7221618,4.5253453,4.2701616
tensor(7),M0,Animal7_M0_4,6,0.33333334,0.33333334,0.0,0.0,0.33333334,0.0,0.0,1.0,0.68740684,0.7935403,0.6718217,0.5041953,0.8743326,0.5863516,0.73706466,4.854713,4.2578917
tensor(7),M0,Animal7_M0_5,6,0.33333334,0.33333334,0.0,0.0,0.33333334,0.0,0.0,1.0,0.6549937,0.8815467,0.5948378,0.46855056,0.8585324,0.5501208,0.7656486,4.774231,4.3770046
tensor(7),M1,Animal7_M1_1,6,0.0,1.3333334,0.33333334,0.0,0.0,1.0,0.6666667,3.3333333,0.42665383,0.7461099,0.4901588,0.34011555,0.6887915,0.44545907,0.6444025,3.7816913,3.9408429
tensor(7),M1,Animal7_M1_2,6,0.0,1.3333334,0.33333334,0.0,0.0,1.0,0.6666667,3.3333333,0.49777898,0.677264,0.30133638,0.27617848,0.686618,0.48852548,0.49278563,3.420487,3.95317
tensor(7),M1,Animal7_M1_1,6,0.0,1.3333334,0.33333334,0.0,0.0,1.0,0.6666667,3.3333333,0.5051952,0.62146044,0.27163807,0.2748747,0.68916273,0.42470047,0.4511657,3.2381973,3.6842523
tensor(7),M1,Animal7_M1_2,6,0.0,1.3333334,0.33333334,0.0,0.0,1.0,0.6666667,3.3333333,0.4818072,0.693401,0.32400057,0.2689972,0.6072773,0.4468517,0.48877802,3.3111129,3.8001356
tensor(7),M2,Animal7_M2_1,6,1.0,1.6666666,0.6666667,1.0,1.6666666,1.0,0.6666667,7.6666665,0.6002138,0.901846,0.31617796,0.37570482,0.8180314,0.70834136,0.59948874,4.3198037,4.3456216
tensor(7),M2,Animal7_M2_2,6,1.0,1.6666666,0.6666667,1.0,1.6666666,1.0,0.6666667,7.6666665,0.5836902,0.8787578,0.31144017,0.35510683,0.80292755,0.6851002,0.5744157,4.1914387,4.312075
tensor(7),M2,Animal7_M2_3,6,1.0,1.6666666,0.6666667,1.0,1.6666666,1.0,0.6666667,7.6666665,0.5884308,0.89588815,0.3181764,0.37454563,0.83895314,0.7149079,0.58977187,4.320674,4.3450236
tensor(20),M4,Animal20_M4_1,6,0.6666667,1.0,0.33333334,0.6666667,1.3333334,0.6666667,0.0,4.6666665,0.48888782,0.776535,0.38969225,0.3810482,0.76248026,0.54194057,0.5432956,3.8838797,4.1318984
tensor(20),M4,Animal20_M4_2,6,0.6666667,1.0,0.33333334,0.6666667,1.3333334,0.6666667,0.0,4.6666665,0.58061713,0.8042504,0.5066275,0.251441,0.8511634,0.6769237,0.71510255,4.3861256,4.1285214
tensor(20),M4,Animal20_M4_3,6,0.6666667,1.0,0.33333334,0.6666667,1.3333334,0.6666667,0.0,4.6666665,0.65420085,0.8062112,0.48141366,0.31471646,0.9460546,0.6846183,0.81484306,4.702058,4.2358294
tensor(20),M4,Animal20_M4_4,6,0.6666667,1.0,0.33333334,0.6666667,1.3333334,0.6666667,0.0,4.6666665,0.56310546,0.76836807,0.47873515,0.34130472,0.76282036,0.610881,0.64471257,4.169927,4.1841583
tensor(20),M3,Animal20_M3_1,6,1.3333334,1.3333334,0.6666667,1.0,1.0,0.6666667,1.0,7.0,0.79126316,0.9598089,0.6974951,0.5583246,0.9853579,0.6915631,0.8853619,5.569175,4.5439653
tensor(20),M3,Animal20_M3_2,6,1.3333334,1.3333334,0.6666667,1.0,1.0,0.6666667,1.0,7.0,0.8749799,0.92417616,0.6793623,0.602,0.9154997,0.71451735,0.9034148,5.6139507,4.4985313
tensor(20),M3,Animal20_M3_1,6,1.3333334,1.3333334,0.6666667,1.0,1.0,0.6666667,1.0,7.0,0.75905687,0.9503545,0.6543951,0.5834881,0.8870453,0.69678974,0.8597095,5.390839,4.4629683
tensor(20),M3,Animal20_M3_2,6,1.3333334,1.3333334,0.6666667,1.0,1.0,0.6666667,1.0,7.0,0.81466246,0.9554079,0.68196744,0.56878966,0.9191069,0.7076447,0.85763764,5.5052166,4.506734
tensor(20),M0,Animal20_M0_1,6,0.6666667,0.33333334,0.0,0.6666667,0.6666667,0.33333334,0.33333334,3.0,0.7248804,0.88981014,0.80869704,0.55957025,0.9131489,0.6316458,0.9258185,5.4535713,4.3618107
tensor(20),M0,Animal20_M0_2,6,0.6666667,0.33333334,0.0,0.6666667,0.6666667,0.33333334,0.33333334,3.0,0.6692003,0.89971143,0.63063616,0.46453112,0.8933581,0.6275541,0.86712235,5.0521135,4.3981423
tensor(20),M0,Animal20_M0_3,6,0.6666667,0.33333334,0.0,0.6666667,0.6666667,0.33333334,0.33333334,3.0,0.724897,0.88466614,0.68229383,0.56593996,0.87786835,0.6523258,0.8681171,5.2561083,4.423796
tensor(20),M2,Animal20_M2_1,6,2.0,1.0,0.6666667,1.6666666,2.0,0.6666667,1.0,9.0,0.49380887,0.7441486,0.3440818,0.195031,0.867543,0.6289422,0.54750025,3.8210557,4.2659616
tensor(20),M2,Animal20_M2_2,6,2.0,1.0,0.6666667,1.6666666,2.0,0.6666667,1.0,9.0,0.53241074,0.7329069,0.3659881,0.3212396,0.85319906,0.5980193,0.5883585,3.9921222,4.2730646
tensor(20),M2,Animal20_M2_3,6,2.0,1.0,0.6666667,1.6666666,2.0,0.6666667,1.0,9.0,0.56044436,0.7789884,0.3746229,0.35336435,0.86589,0.5912335,0.60533524,4.129879,4.3306446
tensor(20),M2,Animal20_M2_4,6,2.0,1.0,0.6666667,1.6666666,2.0,0.6666667,1.0,9.0,0.52558213,0.8200169,0.4952448,0.3898698,0.8504836,0.6376342,0.67547333,4.3943048,4.3278008
tensor(20),M1,Animal20_M1_1,6,0.6666667,0.6666667,0.0,0.0,1.0,0.33333334,0.33333334,3.0,0.6924182,0.78481907,0.45719334,0.29633218,0.8703736,0.6032875,0.6505121,4.354936,4.3125334
tensor(20),M1,Animal20_M1_2,6,0.6666667,0.6666667,0.0,0.0,1.0,0.33333334,0.33333334,3.0,0.6788847,0.80323607,0.3299511,0.17177473,0.89117575,0.63826245,0.6067489,4.1200337,4.3492575
tensor(20),M1,Animal20_M1_3,6,0.6666667,0.6666667,0.0,0.0,1.0,0.33333334,0.33333334,3.0,0.69887465,0.9089052,0.50714725,0.26917046,0.7828202,0.7293926,0.7176881,4.6139984,4.529108
tensor(20),M1,Animal20_M1_4,6,0.6666667,0.6666667,0.0,0.0,1.0,0.33333334,0.33333334,3.0,0.63375264,0.8349603,0.40807983,0.3459944,0.713171,0.54047483,0.5849956,4.0614285,4.2481804
tensor(20),M1,Animal20_M1_1,6,0.6666667,0.6666667,0.0,0.0,1.0,0.33333334,0.33333334,3.0,0.73427474,0.8723585,0.5155201,0.31606883,0.8691673,0.6633686,0.76169455,4.7324524,4.411023
tensor(20),M1,Animal20_M1_2,6,0.6666667,0.6666667,0.0,0.0,1.0,0.33333334,0.33333334,3.0,0.7570767,0.7907936,0.47189623,0.28740525,0.837349,0.7307439,0.72599936,4.601264,4.4181147
tensor(20),M1,Animal20_M1_3,6,0.6666667,0.6666667,0.0,0.0,1.0,0.33333334,0.33333334,3.0,0.7142194,0.8441525,0.44809625,0.28305858,0.7945685,0.6921112,0.7285639,4.5047703,4.3982625
tensor(20),M0,Animal20_M0_1,6,0.6666667,0.33333334,0.0,0.6666667,0.6666667,0.33333334,0.33333334,3.0,0.50329685,0.8679567,0.26634774,0.2979287,0.66797304,0.49906465,0.49985242,3.6024203,4.025582
tensor(20),M0,Animal20_M0_2,6,0.6666667,0.33333334,0.0,0.6666667,0.6666667,0.33333334,0.33333334,3.0,0.58524215,0.8147758,0.48061043,0.40248698,0.6587623,0.6616601,0.6611997,4.2647376,4.083726
tensor(20),M0,Animal20_M0_3,6,0.6666667,0.33333334,0.0,0.6666667,0.6666667,0.33333334,0.33333334,3.0,0.6045731,0.7990389,0.35342243,0.4535439,0.7018195,0.50778544,0.5618329,3.982016,4.1866484
tensor(4),M4,Animal4_M4_1,7,1.0,1.0,0.33333334,1.0,0.6666667,0.33333334,1.0,5.3333335,0.33067697,0.97909063,0.24630776,0.27541083,0.5676772,0.46574077,0.5264536,3.3913577,3.244425
tensor(4),M4,Animal4_M4_2,7,1.0,1.0,0.33333334,1.0,0.6666667,0.33333334,1.0,5.3333335,0.41486502,1.262811,0.26658383,0.5011684,0.9151635,0.7573263,0.3739698,4.4918876,4.245195
tensor(4),M4,Animal4_M4_3,7,1.0,1.0,0.33333334,1.0,0.6666667,0.33333334,1.0,5.3333335,0.3950007,0.89907444,0.20270804,0.6391332,0.83630055,0.47083706,0.6445201,4.087574,3.899053
tensor(4),M0,Animal4_M0_1,7,0.6666667,0.6666667,0.0,0.0,0.0,0.33333334,0.33333334,2.0,0.5921553,0.7774581,0.23107713,0.6121632,0.9762475,0.17194737,0.48506707,3.8461156,4.5848403
tensor(4),M0,Animal4_M0_2,7,0.6666667,0.6666667,0.0,0.0,0.0,0.33333334,0.33333334,2.0,0.1543985,0.55759853,0.17899308,0.4969732,0.6708434,0.051003538,0.03760016,2.1474104,3.7856514
tensor(4),M0,Animal4_M0_3,7,0.6666667,0.6666667,0.0,0.0,0.0,0.33333334,0.33333334,2.0,0.28912312,0.4917251,0.2255548,0.4414428,0.68106204,0.22606468,0.25399843,2.6089709,3.991572
tensor(4),M3,Animal4_M3_1,7,1.0,0.6666667,0.33333334,0.33333334,0.33333334,0.6666667,0.33333334,3.6666667,0.8300948,1.2149186,0.5678839,0.6687345,1.0508641,0.606721,0.6634564,5.6026735,5.5059505
tensor(4),M3,Animal4_M3_2,7,1.0,0.6666667,0.33333334,0.33333334,0.33333334,0.6666667,0.33333334,3.6666667,0.9730882,1.0529786,0.57296944,0.65030813,1.160775,0.67127544,0.6435884,5.724983,5.8273163
tensor(4),M3,Animal4_M3_3,7,1.0,0.6666667,0.33333334,0.33333334,0.33333334,0.6666667,0.33333334,3.6666667,0.7532761,1.2020574,0.60958785,0.90214545,1.4273474,0.7973563,0.6882487,6.380019,5.997161
tensor(4),M2,Animal4_M2_1,7,1.0,1.3333334,0.6666667,0.33333334,0.6666667,1.3333334,1.0,6.3333335,0.44775575,1.2287947,0.3739641,0.68664503,1.1598845,0.8473882,0.591687,5.336119,5.2570696
tensor(4),M2,Animal4_M2_2,7,1.0,1.3333334,0.6666667,0.33333334,0.6666667,1.3333334,1.0,6.3333335,0.56112295,1.2364688,0.3774606,0.6601048,1.272278,0.87542146,0.55882686,5.5416837,5.248661
tensor(4),M2,Animal4_M2_3,7,1.0,1.3333334,0.6666667,0.33333334,0.6666667,1.3333334,1.0,6.3333335,0.47630298,1.2620236,0.44903606,0.7498868,1.1462693,0.80934745,0.58559716,5.4784636,5.380879
tensor(4),M2,Animal4_M2_1,7,1.0,1.3333334,0.6666667,0.33333334,0.6666667,1.3333334,1.0,6.3333335,0.8478255,1.4239408,0.6112214,0.8388404,1.1889334,0.83897275,0.88432133,6.634055,5.9592752
tensor(4),M1,Animal4_M1_1,7,0.33333334,0.33333334,0.0,0.0,0.33333334,0.0,0.6666667,1.6666666,0.749552,0.57925445,0.39258948,0.31141487,0.5782704,0.1755948,0.28879943,3.0754755,2.4975855
tensor(4),M1,Animal4_M1_2,7,0.33333334,0.33333334,0.0,0.0,0.33333334,0.0,0.6666667,1.6666666,0.7069042,0.6505056,0.35948205,0.26314336,0.5348503,0.16867149,0.3065826,2.9901397,2.4075267
tensor(4),M1,Animal4_M1_3,7,0.33333334,0.33333334,0.0,0.0,0.33333334,0.0,0.6666667,1.6666666,0.7756177,0.58008116,0.402154,0.25135875,0.539405,0.19680494,0.41145834,3.1568801,2.4721367
tensor(4),M4,Animal4_M4_1,7,1.0,1.0,0.33333334,1.0,0.6666667,0.33333334,1.0,5.3333335,0.37569088,0.8096544,0.2303791,0.4362959,0.89316314,0.37593192,0.62632686,3.7474422,3.8190093
tensor(4),M4,Animal4_M4_2,7,1.0,1.0,0.33333334,1.0,0.6666667,0.33333334,1.0,5.3333335,0.73625386,0.8664334,0.5810612,0.5360725,0.868476,0.55122167,0.2635503,4.4030685,4.467744
tensor(4),M4,Animal4_M4_3,7,1.0,1.0,0.33333334,1.0,0.6666667,0.33333334,1.0,5.3333335,0.35478503,0.8251341,0.17901507,0.558142,0.847024,0.526996,0.45203602,3.7431324,3.9695387
tensor(24),M4,Animal24_M4_1,7,0.6666667,0.6666667,0.0,0.6666667,0.6666667,0.0,0.33333334,3.0,0.55144346,0.66429496,0.22342634,0.37897378,0.512654,0.58064824,0.5061065,3.417547,3.9225655
tensor(24),M4,Animal24_M4_2,7,0.6666667,0.6666667,0.0,0.6666667,0.6666667,0.0,0.33333334,3.0,0.48133552,0.76886266,0.18696031,0.32598823,0.54710996,0.53132915,0.506629,3.348215,3.7183492
tensor(24),M4,Animal24_M4_3,7,0.6666667,0.6666667,0.0,0.6666667,0.6666667,0.0,0.33333334,3.0,0.6999917,0.85252887,0.36164904,0.24879631,0.61976796,0.6882393,0.5690343,4.0400076,3.8700762
tensor(24),M3,Animal24_M3_1,7,0.33333334,0.33333334,0.33333334,0.0,1.0,0.0,0.33333334,2.3333333,0.320925,0.83478886,0.20252362,0.44624314,0.82890195,0.41745645,0.2024119,3.253251,3.7086298
tensor(24),M3,Animal24_M3_2,7,0.33333334,0.33333334,0.33333334,0.0,1.0,0.0,0.33333334,2.3333333,0.35642368,0.82459027,0.34388632,0.5317592,0.8347308,0.47817037,0.26865622,3.638217,3.8652055
tensor(24),M3,Animal24_M3_3,7,0.33333334,0.33333334,0.33333334,0.0,1.0,0.0,0.33333334,2.3333333,0.36792105,0.9732507,0.3190099,0.4969581,0.88488525,0.39733568,0.3343686,3.773729,3.958383
tensor(24),M2,Animal24_M2_1,7,1.3333334,1.0,0.6666667,0.33333334,0.6666667,0.6666667,0.6666667,5.3333335,0.67749673,1.2310715,0.3596776,0.59539896,0.9609741,0.73090106,0.65240204,5.207922,5.4425898
tensor(24),M2,Animal24_M2_2,7,1.3333334,1.0,0.6666667,0.33333334,0.6666667,0.6666667,0.6666667,5.3333335,0.66826236,1.2153684,0.4026863,0.38677412,1.0118887,0.6186861,0.6763196,4.979985,5.4009867
tensor(24),M2,Animal24_M2_3,7,1.3333334,1.0,0.6666667,0.33333334,0.6666667,0.6666667,0.6666667,5.3333335,0.6376583,1.113459,0.32029384,0.49262896,0.8517088,0.51755214,0.7144463,4.6477475,5.162837
tensor(24),M2,Animal24_M2_4,7,1.3333334,1.0,0.6666667,0.33333334,0.6666667,0.6666667,0.6666667,5.3333335,0.78649896,1.1879219,0.39570248,0.62259364,1.1724527,0.68655324,0.68719906,5.5389223,5.745807
tensor(24),M2,Animal24_M2_1,7,1.3333334,1.0,0.6666667,0.33333334,0.6666667,0.6666667,0.6666667,5.3333335,0.6179335,0.8400918,-0.0047028437,0.66808856,0.68174344,0.4350333,0.5352963,3.7734838,3.6552067
tensor(24),M2,Animal24_M2_2,7,1.3333334,1.0,0.6666667,0.33333334,0.6666667,0.6666667,0.6666667,5.3333335,0.79563415,1.0185009,0.18440834,0.67061216,0.7755804,0.59294856,0.60403824,4.6417227,4.282123
tensor(24),M2,Animal24_M2_3,7,1.3333334,1.0,0.6666667,0.33333334,0.6666667,0.6666667,0.6666667,5.3333335,0.938342,0.7979651,0.23277676,0.8098865,0.8218657,0.58367926,0.5288559,4.7133713,4.4454236
tensor(24),M3,Animal24_M3_1,7,0.33333334,0.33333334,0.33333334,0.0,1.0,0.0,0.33333334,2.3333333,0.51184314,0.9671512,0.3218086,0.64521754,0.8687418,0.41948488,0.36770433,4.1019516,3.925645
tensor(24),M2,Animal24_M2_1,7,1.3333334,1.0,0.6666667,0.33333334,0.6666667,0.6666667,0.6666667,5.3333335,0.88758886,1.3054748,0.27495822,0.9384175,0.8113731,0.7634662,0.8193632,5.8006415,5.135076
tensor(24),M2,Animal24_M2_2,7,1.3333334,1.0,0.6666667,0.33333334,0.6666667,0.6666667,0.6666667,5.3333335,0.86566055,1.2190644,0.22396883,0.82005686,0.74332243,0.6370743,0.72228605,5.2314334,4.963734
tensor(24),M2,Animal24_M2_3,7,1.3333334,1.0,0.6666667,0.33333334,0.6666667,0.6666667,0.6666667,5.3333335,0.7719004,1.1094621,0.20848736,0.72572684,0.6903975,0.5717694,0.5291948,4.6069384,4.289471
tensor(24),M0,Animal24_M0_1,7,0.0,0.0,0.0,0.0,0.0,0.0,0.33333334,0.33333334,0.5140559,0.6383777,-0.00024984032,0.23567319,0.37023675,0.33974847,0.4890954,2.5869377,3.5994673
tensor(24),M0,Animal24_M0_2,7,0.0,0.0,0.0,0.0,0.0,0.0,0.33333334,0.33333334,0.28321183,0.57030654,0.021949701,0.097612515,0.4548145,0.18122111,0.24635883,1.855475,3.0865433
tensor(24),M0,Animal24_M0_3,7,0.0,0.0,0.0,0.0,0.0,0.0,0.33333334,0.33333334,0.3862821,0.6164953,0.1807423,0.037089568,0.29557294,0.23660164,0.34380394,2.096588,3.1425605
tensor(24),M0,Animal24_M0_4,7,0.0,0.0,0.0,0.0,0.0,0.0,0.33333334,0.33333334,0.19614293,0.53196615,0.11221549,0.13850655,0.40756372,0.2433852,0.08549488,1.7152749,2.8036096
tensor(24),M0,Animal24_M0_5,7,0.0,0.0,0.0,0.0,0.0,0.0,0.33333334,0.33333334,0.45288473,0.6822722,0.25228298,0.24093932,0.35494572,0.23858483,0.38333708,2.605247,3.4682977
tensor(24),M1,Animal24_M1_1,7,0.0,0.6666667,0.33333334,0.33333334,0.6666667,0.33333334,0.33333334,2.6666667,0.40662158,0.6433344,0.08133979,0.2024494,0.48435575,0.6695101,0.6166743,3.1042852,2.9098673
tensor(24),M1,Animal24_M1_2,7,0.0,0.6666667,0.33333334,0.33333334,0.6666667,0.33333334,0.33333334,2.6666667,0.30818623,0.895677,0.26481503,0.43350977,0.63136536,0.5754946,0.89128953,4.0003376,3.7752361
tensor(24),M1,Animal24_M1_3,7,0.0,0.6666667,0.33333334,0.33333334,0.6666667,0.33333334,0.33333334,2.6666667,0.2736874,0.42726228,0.09836866,-0.013080476,0.33421224,0.39344433,0.62632674,2.1402214,2.5447993
tensor(24),M1,Animal24_M1_1,7,0.0,0.6666667,0.33333334,0.33333334,0.6666667,0.33333334,0.33333334,2.6666667,0.28610322,0.7485083,0.2456555,0.55876046,0.6065171,0.33503103,0.76955473,3.5501301,4.435698
tensor(24),M1,Animal24_M1_2,7,0.0,0.6666667,0.33333334,0.33333334,0.6666667,0.33333334,0.33333334,2.6666667,0.4416992,0.66150206,0.16098958,0.56105864,0.65796936,0.35581693,0.69230807,3.531344,3.7971702
tensor(8),M4,Animal8_M4_1,8,0.0,1.0,0.33333334,0.33333334,0.33333334,0.33333334,0.33333334,2.6666667,0.35531723,0.65339863,0.13367768,0.31198007,0.50816774,0.4316249,0.22472104,2.6188872,3.0732875
tensor(8),M4,Animal8_M4_2,8,0.0,1.0,0.33333334,0.33333334,0.33333334,0.33333334,0.33333334,2.6666667,0.18993407,0.65698445,0.061747473,0.2918977,0.32332787,0.35908708,0.15230732,2.035286,2.849123
tensor(8),M4,Animal8_M4_3,8,0.0,1.0,0.33333334,0.33333334,0.33333334,0.33333334,0.33333334,2.6666667,0.48033085,0.61529016,0.096028656,0.33734608,0.40216324,0.46200874,0.29346398,2.6866317,3.281947
tensor(8),M4,Animal8_M4_4,8,0.0,1.0,0.33333334,0.33333334,0.33333334,0.33333334,0.33333334,2.6666667,0.5033469,0.54566395,0.12559521,0.41936034,0.57180953,0.49291998,0.2968461,2.955542,3.3325837
tensor(8),M3,Animal8_M3_1,8,0.33333334,0.6666667,0.0,0.6666667,1.0,0.33333334,0.33333334,3.3333333,0.5296742,0.8670189,0.40727997,0.4579441,0.80277824,0.60927624,0.35334566,4.027317,4.271915
tensor(8),M3,Animal8_M3_2,8,0.33333334,0.6666667,0.0,0.6666667,1.0,0.33333334,0.33333334,3.3333333,0.5647014,0.86636347,0.38047934,0.48811525,0.79888666,0.6147283,0.38307115,4.0963454,4.2956877
tensor(8),M3,Animal8_M3_3,8,0.33333334,0.6666667,0.0,0.6666667,1.0,0.33333334,0.33333334,3.3333333,0.50981534,0.8614472,0.3431938,0.4717492,0.80305773,0.59264976,0.36520204,3.9471154,4.2728724
tensor(8),M0,Animal8_M0_1,8,0.0,0.6666667,0.0,0.33333334,0.6666667,0.33333334,0.6666667,2.6666667,0.7174668,0.60619026,0.35400137,0.69255525,0.9140784,0.55371267,0.43466887,4.2726736,3.9191763
tensor(8),M0,Animal8_M0_2,8,0.0,0.6666667,0.0,0.33333334,0.6666667,0.33333334,0.6666667,2.6666667,0.5820238,0.64824075,0.30526918,0.6059762,0.83764195,0.5274712,0.3617629,3.8683858,3.6300523
tensor(8),M0,Animal8_M0_3,8,0.0,0.6666667,0.0,0.33333334,0.6666667,0.33333334,0.6666667,2.6666667,0.6937693,0.5934653,0.22799541,0.6773286,0.9701804,0.6243389,0.39649412,4.183572,3.6571383
tensor(8),M0,Animal8_M0_4,8,0.0,0.6666667,0.0,0.33333334,0.6666667,0.33333334,0.6666667,2.6666667,0.9472501,0.77079624,0.37225673,0.6846674,1.1646087,0.70388144,0.6425541,5.2860146,4.0909476
tensor(8),M0,Animal8_M0_5,8,0.0,0.6666667,0.0,0.33333334,0.6666667,0.33333334,0.6666667,2.6666667,0.78714454,0.6591295,0.37075308,0.70832855,0.94845396,0.663705,0.4973033,4.634818,3.8906722
tensor(8),M0,Animal8_M0_6,8,0.0,0.6666667,0.0,0.33333334,0.6666667,0.33333334,0.6666667,2.6666667,0.86400753,0.66146,0.32816,0.7443268,0.96805406,0.47821662,0.552664,4.5968885,3.8230622
tensor(8),M0,Animal8_M0_7,8,0.0,0.6666667,0.0,0.33333334,0.6666667,0.33333334,0.6666667,2.6666667,0.74314076,0.50937206,0.3323958,0.70190364,0.957446,0.6721507,0.42215997,4.338569,3.7326128
tensor(8),M1,Animal8_M1_1,8,0.0,1.0,0.33333334,0.33333334,0.6666667,0.6666667,1.0,4.0,0.95526594,0.7785995,0.3911236,0.76288515,1.019827,0.7594206,0.66384155,5.330963,4.40083
tensor(8),M1,Animal8_M1_2,8,0.0,1.0,0.33333334,0.33333334,0.6666667,0.6666667,1.0,4.0,1.1271807,0.64385,0.22782561,0.6592605,0.97402745,0.6832134,0.6343278,4.949686,4.233593
tensor(8),M1,Animal8_M1_3,8,0.0,1.0,0.33333334,0.33333334,0.6666667,0.6666667,1.0,4.0,1.1105149,0.82703286,0.4065402,0.9263423,1.0620034,0.6178975,0.747386,5.697717,4.5633636
tensor(8),M1,Animal8_M1_4,8,0.0,1.0,0.33333334,0.33333334,0.6666667,0.6666667,1.0,4.0,1.0254865,0.8058865,0.28587094,0.6786609,0.92524624,0.7796619,0.6990254,5.199838,4.1556306
tensor(8),M2,Animal8_M2_1,8,0.33333334,1.6666666,0.33333334,1.3333334,1.0,1.0,1.0,6.6666665,0.72056764,0.8566779,0.2559237,0.71439284,0.72730666,0.5662894,0.5989383,4.4400964,3.9625697
tensor(8),M2,Animal8_M2_2,8,0.33333334,1.6666666,0.33333334,1.3333334,1.0,1.0,1.0,6.6666665,1.2390957,0.97729826,0.43731713,0.79966325,0.999037,0.67786324,0.86640674,5.996681,4.3250847
tensor(8),M2,Animal8_M2_1,8,0.33333334,1.6666666,0.33333334,1.3333334,1.0,1.0,1.0,6.6666665,1.1644108,0.87880075,0.5318539,0.7032546,1.0731292,0.63203776,0.75611496,5.739602,4.3412685
tensor(8),M2,Animal8_M2_2,8,0.33333334,1.6666666,0.33333334,1.3333334,1.0,1.0,1.0,6.6666665,0.89616704,0.7296677,0.33220595,0.5984727,0.73259956,0.44546264,0.5244643,4.25904,4.050243
tensor(8),M3,Animal8_M3_1,8,0.33333334,0.6666667,0.0,0.6666667,1.0,0.33333334,0.33333334,3.3333333,0.4266351,0.80882955,0.40603548,0.5117002,0.7848461,0.5261992,0.36712047,3.831366,4.22375
tensor(8),M3,Animal8_M3_2,8,0.33333334,0.6666667,0.0,0.6666667,1.0,0.33333334,0.33333334,3.3333333,0.42750886,0.809309,0.40917185,0.50465566,0.7990642,0.5244258,0.37747672,3.851612,4.23376
tensor(8),M3,Animal8_M3_3,8,0.33333334,0.6666667,0.0,0.6666667,1.0,0.33333334,0.33333334,3.3333333,0.42011738,0.81385475,0.42499492,0.5194293,0.8026868,0.51577634,0.3681585,3.865018,4.2336636
tensor(15),M1,Animal15_M1_1,8,0.33333334,0.0,0.33333334,0.0,0.33333334,0.33333334,0.33333334,1.6666666,0.7308417,0.7164602,0.26144618,0.47778386,0.81240255,0.5643922,0.45492396,4.0182505,4.2523427
tensor(15),M1,Animal15_M1_2,8,0.33333334,0.0,0.33333334,0.0,0.33333334,0.33333334,0.33333334,1.6666666,0.6887297,0.78552306,0.45903558,0.60861546,0.9035175,0.5973046,0.5622934,4.605019,4.462655
tensor(15),M1,Animal15_M1_3,8,0.33333334,0.0,0.33333334,0.0,0.33333334,0.33333334,0.33333334,1.6666666,0.7195809,0.74505204,0.4546585,0.4914385,0.8122349,0.55341417,0.5003736,4.2767525,4.4285374
tensor(15),M1,Animal15_M1_4,8,0.33333334,0.0,0.33333334,0.0,0.33333334,0.33333334,0.33333334,1.6666666,0.63466316,0.6228622,0.29636943,0.4899639,0.82124937,0.57802963,0.4128771,3.8560152,4.193716
tensor(15),M4,Animal15_M4_1,8,0.6666667,0.33333334,0.0,0.0,0.0,0.33333334,0.6666667,2.0,0.74229705,0.59369797,0.37108618,0.44069755,0.6197459,0.6152111,0.57652956,3.9592652,4.0914893
tensor(15),M4,Animal15_M4_2,8,0.6666667,0.33333334,0.0,0.0,0.0,0.33333334,0.6666667,2.0,0.76195127,0.6421147,0.34242868,0.42419124,0.6856428,0.61482286,0.60091954,4.072071,4.037914
tensor(15),M4,Animal15_M4_3,8,0.6666667,0.33333334,0.0,0.0,0.0,0.33333334,0.6666667,2.0,0.30631098,0.63100827,0.24839857,0.34537923,0.7088222,0.5534882,0.51674545,3.310153,3.8357558
tensor(15),M1,Animal15_M1_1,8,0.33333334,0.0,0.33333334,0.0,0.33333334,0.33333334,0.33333334,1.6666666,0.6371516,0.8062563,0.38765812,0.45134014,0.81425446,0.57071775,0.4642677,4.131646,4.339191
tensor(15),M1,Animal15_M1_2,8,0.33333334,0.0,0.33333334,0.0,0.33333334,0.33333334,0.33333334,1.6666666,0.6914857,0.8763745,0.29576486,0.5128271,0.84527975,0.5512643,0.5020141,4.27501,4.3104453
tensor(15),M1,Animal15_M1_3,8,0.33333334,0.0,0.33333334,0.0,0.33333334,0.33333334,0.33333334,1.6666666,0.7258313,0.8764625,0.41972283,0.2575087,0.6121632,0.56742734,0.45536134,3.914477,4.344803
tensor(15),M1,Animal15_M1_4,8,0.33333334,0.0,0.33333334,0.0,0.33333334,0.33333334,0.33333334,1.6666666,0.6187576,0.85185844,0.3518254,0.38834012,0.6287583,0.5007635,0.57719857,3.917502,4.2741914
tensor(15),M3,Animal15_M3_1,8,0.6666667,0.6666667,0.33333334,0.0,0.0,0.6666667,0.6666667,3.0,0.6790818,0.6161769,0.27697623,0.48058552,0.59186256,0.3866627,0.59966284,3.6310086,4.0939794
tensor(15),M3,Animal15_M3_2,8,0.6666667,0.6666667,0.33333334,0.0,0.0,0.6666667,0.6666667,3.0,0.48903635,0.5506041,0.063866764,0.3086366,0.55592793,0.29422343,0.37188044,2.6341758,3.826925
tensor(15),M3,Animal15_M3_3,8,0.6666667,0.6666667,0.33333334,0.0,0.0,0.6666667,0.6666667,3.0,0.80799556,0.70886755,0.086870864,0.51268226,0.64273584,0.22104445,0.5808453,3.5610416,3.8766658
tensor(15),M3,Animal15_M3_1,8,0.6666667,0.6666667,0.33333334,0.0,0.0,0.6666667,0.6666667,3.0,0.41219103,0.48142737,0.103834346,0.48361826,0.3147839,0.44712353,0.38540635,2.6283848,3.5280476
tensor(15),M3,Animal15_M3_2,8,0.6666667,0.6666667,0.33333334,0.0,0.0,0.6666667,0.6666667,3.0,0.93428856,0.8388225,0.3144256,0.5213396,0.73903114,0.33558434,0.6167973,4.3002887,4.2380366
tensor(15),M3,Animal15_M3_3,8,0.6666667,0.6666667,0.33333334,0.0,0.0,0.6666667,0.6666667,3.0,0.6178805,0.57309294,0.106350124,0.37038594,0.3418275,0.29457304,0.50288546,2.8069954,3.8240345
tensor(15),M0,Animal15_M0_1,8,0.33333334,0.33333334,0.0,0.0,0.0,0.0,0.0,0.6666667,0.82238925,0.8281488,0.21722355,0.33467734,0.6477588,0.3993448,0.62764025,3.8771825,3.9180195
tensor(15),M0,Animal15_M0_2,8,0.33333334,0.33333334,0.0,0.0,0.0,0.0,0.0,0.6666667,0.7588868,0.6884402,0.29833114,0.343589,0.5686685,0.29833442,0.4749318,3.431182,3.9204137
tensor(15),M0,Animal15_M0_3,8,0.33333334,0.33333334,0.0,0.0,0.0,0.0,0.0,0.6666667,0.8804161,0.83644795,0.2699252,0.38081545,0.6828968,0.24614409,0.6454013,3.942047,3.9441643
