sequence_path,animal,moment,sequence_id,num_frames,Orbital_tightening,Tension_above_eyes,Cheek_tightening,Ears_frontal,Ears_lateral,Lip_jaw_profile,Nostril_muzzle,NRS (1-10),VAS (0-100),Total.Facial.scale
Animal 9 M2 Facial 2/sequence_002,9,M2,Animal9_M2_1,238,1.0,0.0,0.0,1.0,1.3333333333333333,0.6666666666666666,0.3333333333333333,5.666666666666667,40.333333333333336,4.333333333333333
Animal 9 M2 Facial 2/sequence_003,9,M2,Animal9_M2_2,240,1.0,0.0,0.0,1.0,1.3333333333333333,0.6666666666666666,0.3333333333333333,5.666666666666667,40.333333333333336,4.333333333333333
Animal 9 M2 Facial 2/sequence_001,9,M2,Animal9_M2_3,220,1.0,0.0,0.0,1.0,1.3333333333333333,0.6666666666666666,0.3333333333333333,5.666666666666667,40.333333333333336,4.333333333333333
Animal 9 M4 Facial/sequence_003,9,M4,Animal9_M4_1,240,0.3333333333333333,1.0,0.0,0.3333333333333333,0.6666666666666666,0.3333333333333333,0.0,3.0,11.0,2.6666666666666665
Animal 9 M4 Facial/sequence_002,9,M4,Animal9_M4_2,240,0.3333333333333333,1.0,0.0,0.3333333333333333,0.6666666666666666,0.3333333333333333,0.0,3.0,11.0,2.6666666666666665
Animal 9 M4 Facial/sequence_001,9,M4,Animal9_M4_3,246,0.3333333333333333,1.0,0.0,0.3333333333333333,0.6666666666666666,0.3333333333333333,0.0,3.0,11.0,2.6666666666666665
Animal 9 M3 Facial/sequence_002,9,M3,Animal9_M3_1,244,0.6666666666666666,0.0,0.0,0.3333333333333333,0.6666666666666666,0.0,0.3333333333333333,2.6666666666666665,13.333333333333334,2.0
Animal 9 M3 Facial/sequence_003,9,M3,Animal9_M3_2,241,0.6666666666666666,0.0,0.0,0.3333333333333333,0.6666666666666666,0.0,0.3333333333333333,2.6666666666666665,13.333333333333334,2.0
Animal 9 M3 Facial/sequence_001,9,M3,Animal9_M3_3,250,0.6666666666666666,0.0,0.0,0.3333333333333333,0.6666666666666666,0.0,0.3333333333333333,2.6666666666666665,13.333333333333334,2.0
Animal 8 M4 Facial/sequence_003,8,M4,Animal8_M4_1,209,0.0,1.0,0.3333333333333333,0.3333333333333333,0.3333333333333333,0.3333333333333333,0.3333333333333333,2.0,7.0,2.6666666666666665
Animal 8 M4 Facial/sequence_004,8,M4,Animal8_M4_2,221,0.0,1.0,0.3333333333333333,0.3333333333333333,0.3333333333333333,0.3333333333333333,0.3333333333333333,2.0,7.0,2.6666666666666665
Animal 8 M4 Facial/sequence_002,8,M4,Animal8_M4_3,240,0.0,1.0,0.3333333333333333,0.3333333333333333,0.3333333333333333,0.3333333333333333,0.3333333333333333,2.0,7.0,2.6666666666666665
Animal 8 M4 Facial/sequence_001,8,M4,Animal8_M4_4,240,0.0,1.0,0.3333333333333333,0.3333333333333333,0.3333333333333333,0.3333333333333333,0.3333333333333333,2.0,7.0,2.6666666666666665
Animal 9 M0 Facial/sequence_004,9,M0,Animal9_M0_1,239,0.0,0.0,0.3333333333333333,0.0,0.0,0.0,0.3333333333333333,1.0,0.0,0.6666666666666666
Animal 9 M0 Facial/sequence_005,9,M0,Animal9_M0_2,236,0.0,0.0,0.3333333333333333,0.0,0.0,0.0,0.3333333333333333,1.0,0.0,0.6666666666666666
Animal 9 M0 Facial/sequence_003,9,M0,Animal9_M0_3,213,0.0,0.0,0.3333333333333333,0.0,0.0,0.0,0.3333333333333333,1.0,0.0,0.6666666666666666
Animal 9 M0 Facial/sequence_001,9,M0,Animal9_M0_4,240,0.0,0.0,0.3333333333333333,0.0,0.0,0.0,0.3333333333333333,1.0,0.0,0.6666666666666666
Animal 9 M0 Facial/sequence_002,9,M0,Animal9_M0_5,225,0.0,0.0,0.3333333333333333,0.0,0.0,0.0,0.3333333333333333,1.0,0.0,0.6666666666666666
Animal 9 M2 Facial 1/sequence_003,9,M2,Animal9_M2_1,240,1.0,0.0,0.0,1.0,1.3333333333333333,0.6666666666666666,0.3333333333333333,5.666666666666667,40.333333333333336,4.333333333333333
Animal 9 M2 Facial 1/sequence_002,9,M2,Animal9_M2_2,240,1.0,0.0,0.0,1.0,1.3333333333333333,0.6666666666666666,0.3333333333333333,5.666666666666667,40.333333333333336,4.333333333333333
Animal 9 M2 Facial 1/sequence_001,9,M2,Animal9_M2_3,226,1.0,0.0,0.0,1.0,1.3333333333333333,0.6666666666666666,0.3333333333333333,5.666666666666667,40.333333333333336,4.333333333333333
Animal 8 M3 Facial 2/sequence_003,8,M3,Animal8_M3_1,240,0.3333333333333333,0.6666666666666666,0.0,0.6666666666666666,1.0,0.3333333333333333,0.3333333333333333,4.0,27.666666666666668,3.3333333333333335
Animal 8 M3 Facial 2/sequence_001,8,M3,Animal8_M3_2,240,0.3333333333333333,0.6666666666666666,0.0,0.6666666666666666,1.0,0.3333333333333333,0.3333333333333333,4.0,27.666666666666668,3.3333333333333335
Animal 8 M3 Facial 2/sequence_002,8,M3,Animal8_M3_3,240,0.3333333333333333,0.6666666666666666,0.0,0.6666666666666666,1.0,0.3333333333333333,0.3333333333333333,4.0,27.666666666666668,3.3333333333333335
Animal 9 M2 Facial 3/sequence_002,9,M2,Animal9_M2_1,232,1.0,0.0,0.0,1.0,1.3333333333333333,0.6666666666666666,0.3333333333333333,5.666666666666667,40.333333333333336,4.333333333333333
Animal 9 M2 Facial 3/sequence_001,9,M2,Animal9_M2_2,234,1.0,0.0,0.0,1.0,1.3333333333333333,0.6666666666666666,0.3333333333333333,5.666666666666667,40.333333333333336,4.333333333333333
Animal 9 M1 Facial/sequence_002,9,M1,Animal9_M1_1,240,0.0,1.0,0.3333333333333333,0.0,0.3333333333333333,0.0,0.3333333333333333,1.0,0.6666666666666666,2.0
Animal 9 M1 Facial/sequence_003,9,M1,Animal9_M1_2,240,0.0,1.0,0.3333333333333333,0.0,0.3333333333333333,0.0,0.3333333333333333,1.0,0.6666666666666666,2.0
Animal 9 M1 Facial/sequence_001,9,M1,Animal9_M1_3,173,0.0,1.0,0.3333333333333333,0.0,0.3333333333333333,0.0,0.3333333333333333,1.0,0.6666666666666666,2.0
Animal 8 M0 Facial/sequence_007,8,M0,Animal8_M0_1,240,0.0,0.6666666666666666,0.0,0.3333333333333333,0.6666666666666666,0.3333333333333333,0.6666666666666666,1.0,0.0,2.6666666666666665
Animal 8 M0 Facial/sequence_006,8,M0,Animal8_M0_2,240,0.0,0.6666666666666666,0.0,0.3333333333333333,0.6666666666666666,0.3333333333333333,0.6666666666666666,1.0,0.0,2.6666666666666665
Animal 8 M0 Facial/sequence_004,8,M0,Animal8_M0_3,240,0.0,0.6666666666666666,0.0,0.3333333333333333,0.6666666666666666,0.3333333333333333,0.6666666666666666,1.0,0.0,2.6666666666666665
Animal 8 M0 Facial/sequence_005,8,M0,Animal8_M0_4,240,0.0,0.6666666666666666,0.0,0.3333333333333333,0.6666666666666666,0.3333333333333333,0.6666666666666666,1.0,0.0,2.6666666666666665
Animal 8 M0 Facial/sequence_003,8,M0,Animal8_M0_5,240,0.0,0.6666666666666666,0.0,0.3333333333333333,0.6666666666666666,0.3333333333333333,0.6666666666666666,1.0,0.0,2.6666666666666665
Animal 8 M0 Facial/sequence_001,8,M0,Animal8_M0_6,239,0.0,0.6666666666666666,0.0,0.3333333333333333,0.6666666666666666,0.3333333333333333,0.6666666666666666,1.0,0.0,2.6666666666666665
Animal 8 M0 Facial/sequence_002,8,M0,Animal8_M0_7,232,0.0,0.6666666666666666,0.0,0.3333333333333333,0.6666666666666666,0.3333333333333333,0.6666666666666666,1.0,0.0,2.6666666666666665
Animal 8 M1 Facial/sequence_002,8,M1,Animal8_M1_1,222,0.0,1.0,0.3333333333333333,0.3333333333333333,0.6666666666666666,0.6666666666666666,1.0,1.0,0.0,4.0
Animal 8 M1 Facial/sequence_004,8,M1,Animal8_M1_2,240,0.0,1.0,0.3333333333333333,0.3333333333333333,0.6666666666666666,0.6666666666666666,1.0,1.0,0.0,4.0
Animal 8 M1 Facial/sequence_003,8,M1,Animal8_M1_3,240,0.0,1.0,0.3333333333333333,0.3333333333333333,0.6666666666666666,0.6666666666666666,1.0,1.0,0.0,4.0
Animal 8 M1 Facial/sequence_001,8,M1,Animal8_M1_4,240,0.0,1.0,0.3333333333333333,0.3333333333333333,0.6666666666666666,0.6666666666666666,1.0,1.0,0.0,4.0
Animal 8 M2 Facial 1/sequence_001,8,M2,Animal8_M2_1,240,0.3333333333333333,1.6666666666666667,0.3333333333333333,1.3333333333333333,1.0,1.0,1.0,6.333333333333333,59.666666666666664,6.666666666666667
Animal 8 M2 Facial 1/sequence_002,8,M2,Animal8_M2_2,240,0.3333333333333333,1.6666666666666667,0.3333333333333333,1.3333333333333333,1.0,1.0,1.0,6.333333333333333,59.666666666666664,6.666666666666667
Animal 7 M3 Facial/sequence_003,7,M3,Animal7_M3_1,208,0.3333333333333333,0.6666666666666666,0.3333333333333333,0.3333333333333333,0.6666666666666666,0.3333333333333333,0.0,4.666666666666667,37.0,2.6666666666666665
Animal 7 M3 Facial/sequence_004,7,M3,Animal7_M3_2,240,0.3333333333333333,0.6666666666666666,0.3333333333333333,0.3333333333333333,0.6666666666666666,0.3333333333333333,0.0,4.666666666666667,37.0,2.6666666666666665
Animal 7 M3 Facial/sequence_001,7,M3,Animal7_M3_3,226,0.3333333333333333,0.6666666666666666,0.3333333333333333,0.3333333333333333,0.6666666666666666,0.3333333333333333,0.0,4.666666666666667,37.0,2.6666666666666665
Animal 7 M3 Facial/sequence_002,7,M3,Animal7_M3_4,240,0.3333333333333333,0.6666666666666666,0.3333333333333333,0.3333333333333333,0.6666666666666666,0.3333333333333333,0.0,4.666666666666667,37.0,2.6666666666666665
Animal 8 M2 Facial 2/sequence_001,8,M2,Animal8_M2_1,231,0.3333333333333333,1.6666666666666667,0.3333333333333333,1.3333333333333333,1.0,1.0,1.0,6.333333333333333,59.666666666666664,6.666666666666667
Animal 8 M2 Facial 2/sequence_002,8,M2,Animal8_M2_2,240,0.3333333333333333,1.6666666666666667,0.3333333333333333,1.3333333333333333,1.0,1.0,1.0,6.333333333333333,59.666666666666664,6.666666666666667
Animal 7 M4 Facial 2/sequence_002,7,M4,Animal7_M4_1,240,0.0,0.6666666666666666,0.0,0.0,0.3333333333333333,0.3333333333333333,0.0,1.6666666666666667,9.333333333333334,1.3333333333333333
Animal 7 M4 Facial 2/sequence_001,7,M4,Animal7_M4_2,240,0.0,0.6666666666666666,0.0,0.0,0.3333333333333333,0.3333333333333333,0.0,1.6666666666666667,9.333333333333334,1.3333333333333333
Animal 7 M2 Facial 2/sequence_002,7,M2,Animal7_M2_1,240,1.0,1.6666666666666667,0.6666666666666666,1.0,1.6666666666666667,1.0,0.6666666666666666,6.333333333333333,49.333333333333336,7.666666666666667
Animal 7 M2 Facial 2/sequence_001,7,M2,Animal7_M2_2,240,1.0,1.6666666666666667,0.6666666666666666,1.0,1.6666666666666667,1.0,0.6666666666666666,6.333333333333333,49.333333333333336,7.666666666666667
Animal 7 M4 Facial 1/sequence_001,7,M4,Animal7_M4_1,219,0.0,0.6666666666666666,0.0,0.0,0.3333333333333333,0.3333333333333333,0.0,1.6666666666666667,9.333333333333334,1.3333333333333333
Animal 8 M3 Facial 1/sequence_003,8,M3,Animal8_M3_1,240,0.3333333333333333,0.6666666666666666,0.0,0.6666666666666666,1.0,0.3333333333333333,0.3333333333333333,4.0,27.666666666666668,3.3333333333333335
Animal 8 M3 Facial 1/sequence_002,8,M3,Animal8_M3_2,242,0.3333333333333333,0.6666666666666666,0.0,0.6666666666666666,1.0,0.3333333333333333,0.3333333333333333,4.0,27.666666666666668,3.3333333333333335
Animal 8 M3 Facial 1/sequence_001,8,M3,Animal8_M3_3,240,0.3333333333333333,0.6666666666666666,0.0,0.6666666666666666,1.0,0.3333333333333333,0.3333333333333333,4.0,27.666666666666668,3.3333333333333335
Animal 7 M2 Facial 3/sequence_001,7,M2,Animal7_M2_1,240,1.0,1.6666666666666667,0.6666666666666666,1.0,1.6666666666666667,1.0,0.6666666666666666,6.333333333333333,49.333333333333336,7.666666666666667
Animal 7 M2 Facial 3/sequence_002,7,M2,Animal7_M2_2,240,1.0,1.6666666666666667,0.6666666666666666,1.0,1.6666666666666667,1.0,0.6666666666666666,6.333333333333333,49.333333333333336,7.666666666666667
Animal 7 M0 Facial/sequence_005,7,M0,Animal7_M0_1,246,0.3333333333333333,0.3333333333333333,0.0,0.0,0.3333333333333333,0.0,0.0,1.0,1.0,1.0
Animal 7 M0 Facial/sequence_004,7,M0,Animal7_M0_2,265,0.3333333333333333,0.3333333333333333,0.0,0.0,0.3333333333333333,0.0,0.0,1.0,1.0,1.0
Animal 7 M0 Facial/sequence_002,7,M0,Animal7_M0_3,146,0.3333333333333333,0.3333333333333333,0.0,0.0,0.3333333333333333,0.0,0.0,1.0,1.0,1.0
Animal 7 M0 Facial/sequence_003,7,M0,Animal7_M0_4,178,0.3333333333333333,0.3333333333333333,0.0,0.0,0.3333333333333333,0.0,0.0,1.0,1.0,1.0
Animal 7 M0 Facial/sequence_001,7,M0,Animal7_M0_5,240,0.3333333333333333,0.3333333333333333,0.0,0.0,0.3333333333333333,0.0,0.0,1.0,1.0,1.0
Animal 7 M1 Facial 2/sequence_002,7,M1,Animal7_M1_1,246,0.0,1.3333333333333333,0.3333333333333333,0.0,0.0,1.0,0.6666666666666666,1.0,0.3333333333333333,3.3333333333333335
Animal 7 M1 Facial 2/sequence_001,7,M1,Animal7_M1_2,240,0.0,1.3333333333333333,0.3333333333333333,0.0,0.0,1.0,0.6666666666666666,1.0,0.3333333333333333,3.3333333333333335
Animal 6 M2 Facial/sequence_002,6,M2,Animal6_M2_1,234,2.0,1.0,0.6666666666666666,1.3333333333333333,1.6666666666666667,1.3333333333333333,0.3333333333333333,8.666666666666666,86.33333333333333,8.333333333333334
Animal 6 M2 Facial/sequence_004,6,M2,Animal6_M2_2,237,2.0,1.0,0.6666666666666666,1.3333333333333333,1.6666666666666667,1.3333333333333333,0.3333333333333333,8.666666666666666,86.33333333333333,8.333333333333334
Animal 6 M2 Facial/sequence_003,6,M2,Animal6_M2_3,234,2.0,1.0,0.6666666666666666,1.3333333333333333,1.6666666666666667,1.3333333333333333,0.3333333333333333,8.666666666666666,86.33333333333333,8.333333333333334
Animal 6 M2 Facial/sequence_001,6,M2,Animal6_M2_4,241,2.0,1.0,0.6666666666666666,1.3333333333333333,1.6666666666666667,1.3333333333333333,0.3333333333333333,8.666666666666666,86.33333333333333,8.333333333333334
Animal 6 M4 Facial scale/sequence_001,6,M4,Animal6_M4_1,186,1.0,0.6666666666666666,0.6666666666666666,0.3333333333333333,0.6666666666666666,0.6666666666666666,0.3333333333333333,4.666666666666667,42.666666666666664,4.333333333333333
Animal 6 M4 Facial scale/sequence_002,6,M4,Animal6_M4_2,227,1.0,0.6666666666666666,0.6666666666666666,0.3333333333333333,0.6666666666666666,0.6666666666666666,0.3333333333333333,4.666666666666667,42.666666666666664,4.333333333333333
Animal 6 M4 Facial scale/sequence_003,6,M4,Animal6_M4_3,231,1.0,0.6666666666666666,0.6666666666666666,0.3333333333333333,0.6666666666666666,0.6666666666666666,0.3333333333333333,4.666666666666667,42.666666666666664,4.333333333333333
Animal 6 M3 Facial 1/sequence_002,6,M3,Animal6_M3_1,253,1.6666666666666667,1.3333333333333333,0.3333333333333333,1.3333333333333333,1.3333333333333333,0.6666666666666666,0.3333333333333333,6.666666666666667,75.66666666666667,7.0
Animal 6 M3 Facial 1/sequence_001,6,M3,Animal6_M3_2,191,1.6666666666666667,1.3333333333333333,0.3333333333333333,1.3333333333333333,1.3333333333333333,0.6666666666666666,0.3333333333333333,6.666666666666667,75.66666666666667,7.0
Animal 6 M3 Facial 3/sequence_001,6,M3,Animal6_M3_1,249,1.6666666666666667,1.3333333333333333,0.3333333333333333,1.3333333333333333,1.3333333333333333,0.6666666666666666,0.3333333333333333,6.666666666666667,75.66666666666667,7.0
Animal 6 M3 Facial 2/sequence_001,6,M3,Animal6_M3_1,240,1.6666666666666667,1.3333333333333333,0.3333333333333333,1.3333333333333333,1.3333333333333333,0.6666666666666666,0.3333333333333333,6.666666666666667,75.66666666666667,7.0
Animal 6 M4 Facial scale editar/sequence_001,6,M4,Animal6_M4_1,184,1.0,0.6666666666666666,0.6666666666666666,0.3333333333333333,0.6666666666666666,0.6666666666666666,0.3333333333333333,4.666666666666667,42.666666666666664,4.333333333333333
Animal 7 M1 Facial 1/sequence_001,7,M1,Animal7_M1_1,240,0.0,1.3333333333333333,0.3333333333333333,0.0,0.0,1.0,0.6666666666666666,1.0,0.3333333333333333,3.3333333333333335
Animal 7 M1 Facial 1/sequence_002,7,M1,Animal7_M1_2,240,0.0,1.3333333333333333,0.3333333333333333,0.0,0.0,1.0,0.6666666666666666,1.0,0.3333333333333333,3.3333333333333335
Animal 7 M2 Facial 1/sequence_003,7,M2,Animal7_M2_1,240,1.0,1.6666666666666667,0.6666666666666666,1.0,1.6666666666666667,1.0,0.6666666666666666,6.333333333333333,49.333333333333336,7.666666666666667
Animal 7 M2 Facial 1/sequence_002,7,M2,Animal7_M2_2,240,1.0,1.6666666666666667,0.6666666666666666,1.0,1.6666666666666667,1.0,0.6666666666666666,6.333333333333333,49.333333333333336,7.666666666666667
Animal 7 M2 Facial 1/sequence_001,7,M2,Animal7_M2_3,240,1.0,1.6666666666666667,0.6666666666666666,1.0,1.6666666666666667,1.0,0.6666666666666666,6.333333333333333,49.333333333333336,7.666666666666667
Animal 6 M0 Facial/sequence_002,6,M0,Animal6_M0_1,240,1.0,0.6666666666666666,0.0,0.0,0.6666666666666666,0.0,0.0,1.0,0.0,2.3333333333333335
Animal 6 M0 Facial/sequence_001,6,M0,Animal6_M0_2,240,1.0,0.6666666666666666,0.0,0.0,0.6666666666666666,0.0,0.0,1.0,0.0,2.3333333333333335
Animal 6 M0 Facial/sequence_003,6,M0,Animal6_M0_3,240,1.0,0.6666666666666666,0.0,0.0,0.6666666666666666,0.0,0.0,1.0,0.0,2.3333333333333335
Animal 4 M4 Facial 1/sequence_002,4,M4,Animal4_M4_1,239,1.0,1.0,0.3333333333333333,1.0,0.6666666666666666,0.3333333333333333,1.0,3.0,23.333333333333332,5.333333333333333
Animal 4 M4 Facial 1/sequence_003,4,M4,Animal4_M4_2,241,1.0,1.0,0.3333333333333333,1.0,0.6666666666666666,0.3333333333333333,1.0,3.0,23.333333333333332,5.333333333333333
Animal 4 M4 Facial 1/sequence_001,4,M4,Animal4_M4_3,240,1.0,1.0,0.3333333333333333,1.0,0.6666666666666666,0.3333333333333333,1.0,3.0,23.333333333333332,5.333333333333333
Animal 6 M1 Facial/sequence_001,6,M1,Animal6_M1_1,227,0.6666666666666666,0.6666666666666666,0.3333333333333333,0.6666666666666666,0.3333333333333333,0.6666666666666666,0.3333333333333333,1.3333333333333333,5.0,3.6666666666666665
Animal 6 M1 Facial/sequence_004,6,M1,Animal6_M1_2,224,0.6666666666666666,0.6666666666666666,0.3333333333333333,0.6666666666666666,0.3333333333333333,0.6666666666666666,0.3333333333333333,1.3333333333333333,5.0,3.6666666666666665
Animal 6 M1 Facial/sequence_002,6,M1,Animal6_M1_3,231,0.6666666666666666,0.6666666666666666,0.3333333333333333,0.6666666666666666,0.3333333333333333,0.6666666666666666,0.3333333333333333,1.3333333333333333,5.0,3.6666666666666665
Animal 6 M1 Facial/sequence_003,6,M1,Animal6_M1_4,247,0.6666666666666666,0.6666666666666666,0.3333333333333333,0.6666666666666666,0.3333333333333333,0.6666666666666666,0.3333333333333333,1.3333333333333333,5.0,3.6666666666666665
Animal 4 M0 Facial/sequence_003,4,M0,Animal4_M0_1,240,0.6666666666666666,0.6666666666666666,0.0,0.0,0.0,0.3333333333333333,0.3333333333333333,1.0,0.0,2.0
Animal 4 M0 Facial/sequence_001,4,M0,Animal4_M0_2,240,0.6666666666666666,0.6666666666666666,0.0,0.0,0.0,0.3333333333333333,0.3333333333333333,1.0,0.0,2.0
Animal 4 M0 Facial/sequence_002,4,M0,Animal4_M0_3,240,0.6666666666666666,0.6666666666666666,0.0,0.0,0.0,0.3333333333333333,0.3333333333333333,1.0,0.0,2.0
Animal 4 M3 Facial/sequence_003,4,M3,Animal4_M3_1,244,1.0,0.6666666666666666,0.3333333333333333,0.3333333333333333,0.3333333333333333,0.6666666666666666,0.3333333333333333,3.3333333333333335,25.0,3.6666666666666665
Animal 4 M3 Facial/sequence_002,4,M3,Animal4_M3_2,240,1.0,0.6666666666666666,0.3333333333333333,0.3333333333333333,0.3333333333333333,0.6666666666666666,0.3333333333333333,3.3333333333333335,25.0,3.6666666666666665
Animal 4 M3 Facial/sequence_001,4,M3,Animal4_M3_3,240,1.0,0.6666666666666666,0.3333333333333333,0.3333333333333333,0.3333333333333333,0.6666666666666666,0.3333333333333333,3.3333333333333335,25.0,3.6666666666666665
Animal 4 M2 Facial 1/sequence_002,4,M2,Animal4_M2_1,240,1.0,1.3333333333333333,0.6666666666666666,0.3333333333333333,0.6666666666666666,1.3333333333333333,1.0,6.666666666666667,59.0,6.333333333333333
Animal 4 M2 Facial 1/sequence_003,4,M2,Animal4_M2_2,240,1.0,1.3333333333333333,0.6666666666666666,0.3333333333333333,0.6666666666666666,1.3333333333333333,1.0,6.666666666666667,59.0,6.333333333333333
Animal 4 M2 Facial 1/sequence_001,4,M2,Animal4_M2_3,240,1.0,1.3333333333333333,0.6666666666666666,0.3333333333333333,0.6666666666666666,1.3333333333333333,1.0,6.666666666666667,59.0,6.333333333333333
Animal 4 M2 Facial 2/sequence_001,4,M2,Animal4_M2_1,241,1.0,1.3333333333333333,0.6666666666666666,0.3333333333333333,0.6666666666666666,1.3333333333333333,1.0,6.666666666666667,59.0,6.333333333333333
Animal 4 M1 Facial/sequence_003,4,M1,Animal4_M1_1,240,0.3333333333333333,0.3333333333333333,0.0,0.0,0.3333333333333333,0.0,0.6666666666666666,1.0,0.0,1.6666666666666667
Animal 4 M1 Facial/sequence_002,4,M1,Animal4_M1_2,241,0.3333333333333333,0.3333333333333333,0.0,0.0,0.3333333333333333,0.0,0.6666666666666666,1.0,0.0,1.6666666666666667
Animal 4 M1 Facial/sequence_001,4,M1,Animal4_M1_3,241,0.3333333333333333,0.3333333333333333,0.0,0.0,0.3333333333333333,0.0,0.6666666666666666,1.0,0.0,1.6666666666666667
Animal 3 M4 Facial/sequence_003,3,M4,Animal3_M4_1,240,0.0,1.3333333333333333,0.6666666666666666,0.3333333333333333,0.0,0.6666666666666666,0.6666666666666666,4.333333333333333,28.333333333333332,3.6666666666666665
Animal 3 M4 Facial/sequence_001,3,M4,Animal3_M4_2,240,0.0,1.3333333333333333,0.6666666666666666,0.3333333333333333,0.0,0.6666666666666666,0.6666666666666666,4.333333333333333,28.333333333333332,3.6666666666666665
Animal 3 M4 Facial/sequence_002,3,M4,Animal3_M4_3,240,0.0,1.3333333333333333,0.6666666666666666,0.3333333333333333,0.0,0.6666666666666666,0.6666666666666666,4.333333333333333,28.333333333333332,3.6666666666666665
Animal 4 M4 Facial 2/sequence_001,4,M4,Animal4_M4_1,241,1.0,1.0,0.3333333333333333,1.0,0.6666666666666666,0.3333333333333333,1.0,3.0,23.333333333333332,5.333333333333333
Animal 4 M4 Facial 2/sequence_003,4,M4,Animal4_M4_2,240,1.0,1.0,0.3333333333333333,1.0,0.6666666666666666,0.3333333333333333,1.0,3.0,23.333333333333332,5.333333333333333
Animal 4 M4 Facial 2/sequence_002,4,M4,Animal4_M4_3,273,1.0,1.0,0.3333333333333333,1.0,0.6666666666666666,0.3333333333333333,1.0,3.0,23.333333333333332,5.333333333333333
Animal 3 M3 Facial/sequence_003,3,M3,Animal3_M3_1,240,0.0,0.6666666666666666,0.0,1.0,1.0,0.3333333333333333,1.0,4.333333333333333,27.666666666666668,4.0
Animal 3 M3 Facial/sequence_002,3,M3,Animal3_M3_2,240,0.0,0.6666666666666666,0.0,1.0,1.0,0.3333333333333333,1.0,4.333333333333333,27.666666666666668,4.0
Animal 3 M3 Facial/sequence_001,3,M3,Animal3_M3_3,240,0.0,0.6666666666666666,0.0,1.0,1.0,0.3333333333333333,1.0,4.333333333333333,27.666666666666668,4.0
Animal 24 M4 Facial/sequence_002,24,M4,Animal24_M4_1,240,0.6666666666666666,0.6666666666666666,0.0,0.6666666666666666,0.6666666666666666,0.0,0.3333333333333333,1.6666666666666667,9.666666666666666,3.0
Animal 24 M4 Facial/sequence_001,24,M4,Animal24_M4_2,240,0.6666666666666666,0.6666666666666666,0.0,0.6666666666666666,0.6666666666666666,0.0,0.3333333333333333,1.6666666666666667,9.666666666666666,3.0
Animal 24 M4 Facial/sequence_003,24,M4,Animal24_M4_3,240,0.6666666666666666,0.6666666666666666,0.0,0.6666666666666666,0.6666666666666666,0.0,0.3333333333333333,1.6666666666666667,9.666666666666666,3.0
Animal 3 M0 Facial/sequence_002,3,M0,Animal3_M0_1,240,0.0,0.6666666666666666,0.3333333333333333,1.0,0.6666666666666666,0.3333333333333333,0.0,1.0,0.6666666666666666,3.0
Animal 3 M0 Facial/sequence_003,3,M0,Animal3_M0_2,240,0.0,0.6666666666666666,0.3333333333333333,1.0,0.6666666666666666,0.3333333333333333,0.0,1.0,0.6666666666666666,3.0
Animal 3 M0 Facial/sequence_001,3,M0,Animal3_M0_3,258,0.0,0.6666666666666666,0.3333333333333333,1.0,0.6666666666666666,0.3333333333333333,0.0,1.0,0.6666666666666666,3.0
Animal 3 M1 Facial/sequence_006,3,M1,Animal3_M1_1,240,0.0,1.0,0.0,0.0,0.0,0.0,0.3333333333333333,1.0,0.0,1.3333333333333333
Animal 3 M1 Facial/sequence_002,3,M1,Animal3_M1_2,240,0.0,1.0,0.0,0.0,0.0,0.0,0.3333333333333333,1.0,0.0,1.3333333333333333
Animal 3 M1 Facial/sequence_001,3,M1,Animal3_M1_3,240,0.0,1.0,0.0,0.0,0.0,0.0,0.3333333333333333,1.0,0.0,1.3333333333333333
Animal 3 M1 Facial/sequence_005,3,M1,Animal3_M1_4,240,0.0,1.0,0.0,0.0,0.0,0.0,0.3333333333333333,1.0,0.0,1.3333333333333333
Animal 3 M1 Facial/sequence_004,3,M1,Animal3_M1_5,218,0.0,1.0,0.0,0.0,0.0,0.0,0.3333333333333333,1.0,0.0,1.3333333333333333
Animal 3 M1 Facial/sequence_003,3,M1,Animal3_M1_6,198,0.0,1.0,0.0,0.0,0.0,0.0,0.3333333333333333,1.0,0.0,1.3333333333333333
Animal 24 M3 Facial 1/sequence_002,24,M3,Animal24_M3_1,241,0.3333333333333333,0.3333333333333333,0.3333333333333333,0.0,1.0,0.0,0.3333333333333333,2.6666666666666665,13.0,2.3333333333333335
Animal 24 M3 Facial 1/sequence_003,24,M3,Animal24_M3_2,235,0.3333333333333333,0.3333333333333333,0.3333333333333333,0.0,1.0,0.0,0.3333333333333333,2.6666666666666665,13.0,2.3333333333333335
Animal 24 M3 Facial 1/sequence_001,24,M3,Animal24_M3_3,239,0.3333333333333333,0.3333333333333333,0.3333333333333333,0.0,1.0,0.0,0.3333333333333333,2.6666666666666665,13.0,2.3333333333333335
Animal 3 M2 Facial 2/sequence_001,3,M2,Animal3_M2_1,240,1.0,1.3333333333333333,0.6666666666666666,0.3333333333333333,1.0,0.6666666666666666,1.3333333333333333,6.666666666666667,61.333333333333336,6.333333333333333
Animal 3 M2 Facial 1/sequence_002,3,M2,Animal3_M2_1,240,1.0,1.3333333333333333,0.6666666666666666,0.3333333333333333,1.0,0.6666666666666666,1.3333333333333333,6.666666666666667,61.333333333333336,6.333333333333333
Animal 3 M2 Facial 1/sequence_003,3,M2,Animal3_M2_2,240,1.0,1.3333333333333333,0.6666666666666666,0.3333333333333333,1.0,0.6666666666666666,1.3333333333333333,6.666666666666667,61.333333333333336,6.333333333333333
Animal 3 M2 Facial 1/sequence_001,3,M2,Animal3_M2_3,240,1.0,1.3333333333333333,0.6666666666666666,0.3333333333333333,1.0,0.6666666666666666,1.3333333333333333,6.666666666666667,61.333333333333336,6.333333333333333
Animal 24 M2 Facial 3/sequence_001,24,M2,Animal24_M2_1,240,1.3333333333333333,1.0,0.6666666666666666,0.3333333333333333,0.6666666666666666,0.6666666666666666,0.6666666666666666,7.0,60.333333333333336,5.333333333333333
Animal 24 M2 Facial 3/sequence_002,24,M2,Animal24_M2_2,240,1.3333333333333333,1.0,0.6666666666666666,0.3333333333333333,0.6666666666666666,0.6666666666666666,0.6666666666666666,7.0,60.333333333333336,5.333333333333333
Animal 24 M2 Facial 3/sequence_003,24,M2,Animal24_M2_3,240,1.3333333333333333,1.0,0.6666666666666666,0.3333333333333333,0.6666666666666666,0.6666666666666666,0.6666666666666666,7.0,60.333333333333336,5.333333333333333
Animal 24 M2 Facial 3/sequence_004,24,M2,Animal24_M2_4,240,1.3333333333333333,1.0,0.6666666666666666,0.3333333333333333,0.6666666666666666,0.6666666666666666,0.6666666666666666,7.0,60.333333333333336,5.333333333333333
Animal 24 M2 Facial 2/sequence_003,24,M2,Animal24_M2_1,166,1.3333333333333333,1.0,0.6666666666666666,0.3333333333333333,0.6666666666666666,0.6666666666666666,0.6666666666666666,7.0,60.333333333333336,5.333333333333333
Animal 24 M2 Facial 2/sequence_002,24,M2,Animal24_M2_2,244,1.3333333333333333,1.0,0.6666666666666666,0.3333333333333333,0.6666666666666666,0.6666666666666666,0.6666666666666666,7.0,60.333333333333336,5.333333333333333
Animal 24 M2 Facial 2/sequence_001,24,M2,Animal24_M2_3,239,1.3333333333333333,1.0,0.6666666666666666,0.3333333333333333,0.6666666666666666,0.6666666666666666,0.6666666666666666,7.0,60.333333333333336,5.333333333333333
Animal 24 M3 Facial 2/sequence_001,24,M3,Animal24_M3_1,240,0.3333333333333333,0.3333333333333333,0.3333333333333333,0.0,1.0,0.0,0.3333333333333333,2.6666666666666665,13.0,2.3333333333333335
Animal 22 M2 Facial/sequence_002,22,M2,Animal22_M2_1,240,1.0,1.0,0.3333333333333333,0.6666666666666666,1.0,1.0,0.6666666666666666,6.666666666666667,52.666666666666664,5.666666666666667
Animal 22 M2 Facial/sequence_003,22,M2,Animal22_M2_2,240,1.0,1.0,0.3333333333333333,0.6666666666666666,1.0,1.0,0.6666666666666666,6.666666666666667,52.666666666666664,5.666666666666667
Animal 22 M2 Facial/sequence_001,22,M2,Animal22_M2_3,240,1.0,1.0,0.3333333333333333,0.6666666666666666,1.0,1.0,0.6666666666666666,6.666666666666667,52.666666666666664,5.666666666666667
Animal 24 M2 Facial 1/sequence_003,24,M2,Animal24_M2_1,240,1.3333333333333333,1.0,0.6666666666666666,0.3333333333333333,0.6666666666666666,0.6666666666666666,0.6666666666666666,7.0,60.333333333333336,5.333333333333333
Animal 24 M2 Facial 1/sequence_002,24,M2,Animal24_M2_2,240,1.3333333333333333,1.0,0.6666666666666666,0.3333333333333333,0.6666666666666666,0.6666666666666666,0.6666666666666666,7.0,60.333333333333336,5.333333333333333
Animal 24 M2 Facial 1/sequence_001,24,M2,Animal24_M2_3,240,1.3333333333333333,1.0,0.6666666666666666,0.3333333333333333,0.6666666666666666,0.6666666666666666,0.6666666666666666,7.0,60.333333333333336,5.333333333333333
Animal 22 M1 Facial 2/sequence_002,22,M1,Animal22_M1_1,225,0.3333333333333333,1.0,0.3333333333333333,0.0,0.3333333333333333,0.3333333333333333,0.6666666666666666,1.0,0.0,3.0
Animal 22 M1 Facial 2/sequence_003,22,M1,Animal22_M1_2,240,0.3333333333333333,1.0,0.3333333333333333,0.0,0.3333333333333333,0.3333333333333333,0.6666666666666666,1.0,0.0,3.0
Animal 22 M1 Facial 2/sequence_001,22,M1,Animal22_M1_3,238,0.3333333333333333,1.0,0.3333333333333333,0.0,0.3333333333333333,0.3333333333333333,0.6666666666666666,1.0,0.0,3.0
Animal 22 M4 Facial/sequence_004,22,M4,Animal22_M4_1,241,0.6666666666666666,0.3333333333333333,0.0,0.6666666666666666,0.6666666666666666,0.6666666666666666,0.6666666666666666,4.0,27.333333333333332,3.6666666666666665
Animal 22 M4 Facial/sequence_003,22,M4,Animal22_M4_2,241,0.6666666666666666,0.3333333333333333,0.0,0.6666666666666666,0.6666666666666666,0.6666666666666666,0.6666666666666666,4.0,27.333333333333332,3.6666666666666665
Animal 22 M4 Facial/sequence_001,22,M4,Animal22_M4_3,252,0.6666666666666666,0.3333333333333333,0.0,0.6666666666666666,0.6666666666666666,0.6666666666666666,0.6666666666666666,4.0,27.333333333333332,3.6666666666666665
Animal 22 M4 Facial/sequence_002,22,M4,Animal22_M4_4,242,0.6666666666666666,0.3333333333333333,0.0,0.6666666666666666,0.6666666666666666,0.6666666666666666,0.6666666666666666,4.0,27.333333333333332,3.6666666666666665
Animal 24 M0 Facial/sequence_002,24,M0,Animal24_M0_1,209,0.0,0.0,0.0,0.0,0.0,0.0,0.3333333333333333,1.0,1.0,0.3333333333333333
Animal 24 M0 Facial/sequence_004,24,M0,Animal24_M0_2,236,0.0,0.0,0.0,0.0,0.0,0.0,0.3333333333333333,1.0,1.0,0.3333333333333333
Animal 24 M0 Facial/sequence_005,24,M0,Animal24_M0_3,224,0.0,0.0,0.0,0.0,0.0,0.0,0.3333333333333333,1.0,1.0,0.3333333333333333
Animal 24 M0 Facial/sequence_003,24,M0,Animal24_M0_4,240,0.0,0.0,0.0,0.0,0.0,0.0,0.3333333333333333,1.0,1.0,0.3333333333333333
Animal 24 M0 Facial/sequence_001,24,M0,Animal24_M0_5,218,0.0,0.0,0.0,0.0,0.0,0.0,0.3333333333333333,1.0,1.0,0.3333333333333333
Animal 22 M3 Facial/sequence_002,22,M3,Animal22_M3_1,172,0.3333333333333333,1.0,0.5,0.3333333333333333,1.0,0.3333333333333333,0.6666666666666666,5.0,41.666666666666664,4.0
Animal 22 M3 Facial/sequence_001,22,M3,Animal22_M3_2,240,0.3333333333333333,1.0,0.5,0.3333333333333333,1.0,0.3333333333333333,0.6666666666666666,5.0,41.666666666666664,4.0
Animal 22 M3 Facial (low video resolution)/sequence_002,22,M3,Animal22_M3_1,240,0.3333333333333333,1.0,0.5,0.3333333333333333,1.0,0.3333333333333333,0.6666666666666666,5.0,41.666666666666664,4.0
Animal 22 M3 Facial (low video resolution)/sequence_001,22,M3,Animal22_M3_2,240,0.3333333333333333,1.0,0.5,0.3333333333333333,1.0,0.3333333333333333,0.6666666666666666,5.0,41.666666666666664,4.0
Animal 24 M1 Facial 1/sequence_003,24,M1,Animal24_M1_1,240,0.0,0.6666666666666666,0.3333333333333333,0.3333333333333333,0.6666666666666666,0.3333333333333333,0.3333333333333333,1.0,4.333333333333333,2.6666666666666665
Animal 24 M1 Facial 1/sequence_002,24,M1,Animal24_M1_2,243,0.0,0.6666666666666666,0.3333333333333333,0.3333333333333333,0.6666666666666666,0.3333333333333333,0.3333333333333333,1.0,4.333333333333333,2.6666666666666665
Animal 24 M1 Facial 1/sequence_001,24,M1,Animal24_M1_3,216,0.0,0.6666666666666666,0.3333333333333333,0.3333333333333333,0.6666666666666666,0.3333333333333333,0.3333333333333333,1.0,4.333333333333333,2.6666666666666665
Animal 22 M1 Facial 1/sequence_003,22,M1,Animal22_M1_1,240,0.3333333333333333,1.0,0.3333333333333333,0.0,0.3333333333333333,0.3333333333333333,0.6666666666666666,1.0,0.0,3.0
Animal 22 M1 Facial 1/sequence_002,22,M1,Animal22_M1_2,240,0.3333333333333333,1.0,0.3333333333333333,0.0,0.3333333333333333,0.3333333333333333,0.6666666666666666,1.0,0.0,3.0
Animal 22 M1 Facial 1/sequence_001,22,M1,Animal22_M1_3,239,0.3333333333333333,1.0,0.3333333333333333,0.0,0.3333333333333333,0.3333333333333333,0.6666666666666666,1.0,0.0,3.0
Animal 24 M1 Facial 2/sequence_002,24,M1,Animal24_M1_1,240,0.0,0.6666666666666666,0.3333333333333333,0.3333333333333333,0.6666666666666666,0.3333333333333333,0.3333333333333333,1.0,4.333333333333333,2.6666666666666665
Animal 24 M1 Facial 2/sequence_001,24,M1,Animal24_M1_2,240,0.0,0.6666666666666666,0.3333333333333333,0.3333333333333333,0.6666666666666666,0.3333333333333333,0.3333333333333333,1.0,4.333333333333333,2.6666666666666665
Animal 21 M4 Facial/sequence_003,21,M4,Animal21_M4_1,186,0.3333333333333333,0.6666666666666666,0.0,0.3333333333333333,0.3333333333333333,0.3333333333333333,1.0,1.0,1.0,3.0
Animal 21 M4 Facial/sequence_005,21,M4,Animal21_M4_2,240,0.3333333333333333,0.6666666666666666,0.0,0.3333333333333333,0.3333333333333333,0.3333333333333333,1.0,1.0,1.0,3.0
Animal 21 M4 Facial/sequence_001,21,M4,Animal21_M4_3,240,0.3333333333333333,0.6666666666666666,0.0,0.3333333333333333,0.3333333333333333,0.3333333333333333,1.0,1.0,1.0,3.0
Animal 21 M4 Facial/sequence_004,21,M4,Animal21_M4_4,231,0.3333333333333333,0.6666666666666666,0.0,0.3333333333333333,0.3333333333333333,0.3333333333333333,1.0,1.0,1.0,3.0
Animal 21 M4 Facial/sequence_002,21,M4,Animal21_M4_5,206,0.3333333333333333,0.6666666666666666,0.0,0.3333333333333333,0.3333333333333333,0.3333333333333333,1.0,1.0,1.0,3.0
Animal 21 M0 Facial/sequence_003,21,M0,Animal21_M0_1,240,0.6666666666666666,0.3333333333333333,0.0,0.3333333333333333,0.6666666666666666,0.3333333333333333,0.6666666666666666,1.0,0.6666666666666666,3.0
Animal 21 M0 Facial/sequence_002,21,M0,Animal21_M0_2,240,0.6666666666666666,0.3333333333333333,0.0,0.3333333333333333,0.6666666666666666,0.3333333333333333,0.6666666666666666,1.0,0.6666666666666666,3.0
Animal 21 M0 Facial/sequence_001,21,M0,Animal21_M0_3,240,0.6666666666666666,0.3333333333333333,0.0,0.3333333333333333,0.6666666666666666,0.3333333333333333,0.6666666666666666,1.0,0.6666666666666666,3.0
Animal 21 M1 Facial/sequence_001,21,M1,Animal21_M1_1,240,1.0,0.6666666666666666,0.3333333333333333,0.3333333333333333,0.6666666666666666,0.3333333333333333,0.3333333333333333,1.6666666666666667,6.666666666666667,3.6666666666666665
Animal 21 M1 Facial/sequence_003,21,M1,Animal21_M1_2,240,1.0,0.6666666666666666,0.3333333333333333,0.3333333333333333,0.6666666666666666,0.3333333333333333,0.3333333333333333,1.6666666666666667,6.666666666666667,3.6666666666666665
Animal 21 M1 Facial/sequence_002,21,M1,Animal21_M1_3,240,1.0,0.6666666666666666,0.3333333333333333,0.3333333333333333,0.6666666666666666,0.3333333333333333,0.3333333333333333,1.6666666666666667,6.666666666666667,3.6666666666666665
Animal 22 M0 Facial/sequence_002,22,M0,Animal22_M0_1,240,0.0,0.3333333333333333,0.0,0.3333333333333333,1.0,0.3333333333333333,0.3333333333333333,1.0,0.0,2.3333333333333335
Animal 22 M0 Facial/sequence_001,22,M0,Animal22_M0_2,240,0.0,0.3333333333333333,0.0,0.3333333333333333,1.0,0.3333333333333333,0.3333333333333333,1.0,0.0,2.3333333333333335
Animal 22 M0 Facial/sequence_003,22,M0,Animal22_M0_3,240,0.0,0.3333333333333333,0.0,0.3333333333333333,1.0,0.3333333333333333,0.3333333333333333,1.0,0.0,2.3333333333333335
Animal 21 M3 Facial 1 (low video resolution)/sequence_002,21,M3,Animal21_M3_1,240,0.0,0.6666666666666666,0.3333333333333333,0.0,0.3333333333333333,0.6666666666666666,0.0,4.0,24.0,2.0
Animal 21 M3 Facial 1 (low video resolution)/sequence_003,21,M3,Animal21_M3_2,240,0.0,0.6666666666666666,0.3333333333333333,0.0,0.3333333333333333,0.6666666666666666,0.0,4.0,24.0,2.0
Animal 21 M3 Facial 1 (low video resolution)/sequence_001,21,M3,Animal21_M3_3,240,0.0,0.6666666666666666,0.3333333333333333,0.0,0.3333333333333333,0.6666666666666666,0.0,4.0,24.0,2.0
Animal 20 M4 Facial/sequence_003,20,M4,Animal20_M4_1,200,0.6666666666666666,1.0,0.3333333333333333,0.6666666666666666,1.3333333333333333,0.6666666666666666,0.0,2.6666666666666665,17.333333333333332,4.666666666666667
Animal 20 M4 Facial/sequence_001,20,M4,Animal20_M4_2,240,0.6666666666666666,1.0,0.3333333333333333,0.6666666666666666,1.3333333333333333,0.6666666666666666,0.0,2.6666666666666665,17.333333333333332,4.666666666666667
Animal 20 M4 Facial/sequence_004,20,M4,Animal20_M4_3,203,0.6666666666666666,1.0,0.3333333333333333,0.6666666666666666,1.3333333333333333,0.6666666666666666,0.0,2.6666666666666665,17.333333333333332,4.666666666666667
Animal 20 M4 Facial/sequence_002,20,M4,Animal20_M4_4,239,0.6666666666666666,1.0,0.3333333333333333,0.6666666666666666,1.3333333333333333,0.6666666666666666,0.0,2.6666666666666665,17.333333333333332,4.666666666666667
Animal 21 M3 Facial 2 (low video resolution)/sequence_003,21,M3,Animal21_M3_1,240,0.0,0.6666666666666666,0.3333333333333333,0.0,0.3333333333333333,0.6666666666666666,0.0,4.0,24.0,2.0
Animal 21 M3 Facial 2 (low video resolution)/sequence_002,21,M3,Animal21_M3_2,240,0.0,0.6666666666666666,0.3333333333333333,0.0,0.3333333333333333,0.6666666666666666,0.0,4.0,24.0,2.0
Animal 21 M3 Facial 2 (low video resolution)/sequence_001,21,M3,Animal21_M3_3,240,0.0,0.6666666666666666,0.3333333333333333,0.0,0.3333333333333333,0.6666666666666666,0.0,4.0,24.0,2.0
Animal 20 M3 Facial 1/sequence_002,20,M3,Animal20_M3_1,249,1.3333333333333333,1.3333333333333333,0.6666666666666666,1.0,1.0,0.6666666666666666,1.0,6.0,59.333333333333336,7.0
Animal 20 M3 Facial 1/sequence_001,20,M3,Animal20_M3_2,240,1.3333333333333333,1.3333333333333333,0.6666666666666666,1.0,1.0,0.6666666666666666,1.0,6.0,59.333333333333336,7.0
Animal 21 M2 Facial (low video resolution)/sequence_002,21,M2,Animal21_M2_1,240,1.0,1.3333333333333333,0.6666666666666666,1.0,1.6666666666666667,0.3333333333333333,0.3333333333333333,6.0,52.666666666666664,6.333333333333333
Animal 21 M2 Facial (low video resolution)/sequence_001,21,M2,Animal21_M2_2,240,1.0,1.3333333333333333,0.6666666666666666,1.0,1.6666666666666667,0.3333333333333333,0.3333333333333333,6.0,52.666666666666664,6.333333333333333
Animal 21 M2 Facial (low video resolution)/sequence_003,21,M2,Animal21_M2_3,240,1.0,1.3333333333333333,0.6666666666666666,1.0,1.6666666666666667,0.3333333333333333,0.3333333333333333,6.0,52.666666666666664,6.333333333333333
Animal 20 M3 Facial 2/sequence_001,20,M3,Animal20_M3_1,240,1.3333333333333333,1.3333333333333333,0.6666666666666666,1.0,1.0,0.6666666666666666,1.0,6.0,59.333333333333336,7.0
Animal 20 M3 Facial 2/sequence_002,20,M3,Animal20_M3_2,204,1.3333333333333333,1.3333333333333333,0.6666666666666666,1.0,1.0,0.6666666666666666,1.0,6.0,59.333333333333336,7.0
Animal 20 M0 Facial 2/sequence_002,20,M0,Animal20_M0_1,241,0.6666666666666666,0.3333333333333333,0.0,0.6666666666666666,0.6666666666666666,0.3333333333333333,0.3333333333333333,1.0,0.0,3.0
Animal 20 M0 Facial 2/sequence_003,20,M0,Animal20_M0_2,258,0.6666666666666666,0.3333333333333333,0.0,0.6666666666666666,0.6666666666666666,0.3333333333333333,0.3333333333333333,1.0,0.0,3.0
Animal 20 M0 Facial 2/sequence_001,20,M0,Animal20_M0_3,240,0.6666666666666666,0.3333333333333333,0.0,0.6666666666666666,0.6666666666666666,0.3333333333333333,0.3333333333333333,1.0,0.0,3.0
Animal 20 M2 Facial/sequence_004,20,M2,Animal20_M2_1,240,2.0,1.0,0.6666666666666666,1.6666666666666667,2.0,0.6666666666666666,1.0,7.0,74.33333333333333,9.0
Animal 20 M2 Facial/sequence_003,20,M2,Animal20_M2_2,240,2.0,1.0,0.6666666666666666,1.6666666666666667,2.0,0.6666666666666666,1.0,7.0,74.33333333333333,9.0
Animal 20 M2 Facial/sequence_002,20,M2,Animal20_M2_3,240,2.0,1.0,0.6666666666666666,1.6666666666666667,2.0,0.6666666666666666,1.0,7.0,74.33333333333333,9.0
Animal 20 M2 Facial/sequence_001,20,M2,Animal20_M2_4,241,2.0,1.0,0.6666666666666666,1.6666666666666667,2.0,0.6666666666666666,1.0,7.0,74.33333333333333,9.0
Animal 20 M1 Facial 1/sequence_001,20,M1,Animal20_M1_1,240,0.6666666666666666,0.6666666666666666,0.0,0.0,1.0,0.3333333333333333,0.3333333333333333,1.0,0.0,3.0
Animal 20 M1 Facial 1/sequence_004,20,M1,Animal20_M1_2,240,0.6666666666666666,0.6666666666666666,0.0,0.0,1.0,0.3333333333333333,0.3333333333333333,1.0,0.0,3.0
Animal 20 M1 Facial 1/sequence_003,20,M1,Animal20_M1_3,233,0.6666666666666666,0.6666666666666666,0.0,0.0,1.0,0.3333333333333333,0.3333333333333333,1.0,0.0,3.0
Animal 20 M1 Facial 1/sequence_002,20,M1,Animal20_M1_4,240,0.6666666666666666,0.6666666666666666,0.0,0.0,1.0,0.3333333333333333,0.3333333333333333,1.0,0.0,3.0
Animal 20 M1 Facial 2/sequence_003,20,M1,Animal20_M1_1,240,0.6666666666666666,0.6666666666666666,0.0,0.0,1.0,0.3333333333333333,0.3333333333333333,1.0,0.0,3.0
Animal 20 M1 Facial 2/sequence_002,20,M1,Animal20_M1_2,240,0.6666666666666666,0.6666666666666666,0.0,0.0,1.0,0.3333333333333333,0.3333333333333333,1.0,0.0,3.0
Animal 20 M1 Facial 2/sequence_001,20,M1,Animal20_M1_3,240,0.6666666666666666,0.6666666666666666,0.0,0.0,1.0,0.3333333333333333,0.3333333333333333,1.0,0.0,3.0
Animal 20 M0 Facial 1/sequence_002,20,M0,Animal20_M0_1,245,0.6666666666666666,0.3333333333333333,0.0,0.6666666666666666,0.6666666666666666,0.3333333333333333,0.3333333333333333,1.0,0.0,3.0
Animal 20 M0 Facial 1/sequence_001,20,M0,Animal20_M0_2,240,0.6666666666666666,0.3333333333333333,0.0,0.6666666666666666,0.6666666666666666,0.3333333333333333,0.3333333333333333,1.0,0.0,3.0
Animal 20 M0 Facial 1/sequence_003,20,M0,Animal20_M0_3,241,0.6666666666666666,0.3333333333333333,0.0,0.6666666666666666,0.6666666666666666,0.3333333333333333,0.3333333333333333,1.0,0.0,3.0
Animal 2 M4 Facial 3/sequence_001,2,M4,Animal2_M4_1,240,0.6666666666666666,1.0,0.0,0.0,0.3333333333333333,0.0,0.0,2.3333333333333335,14.666666666666666,2.0
Animal 2 M4 Facial 4/sequence_001,2,M4,Animal2_M4_1,240,0.6666666666666666,1.0,0.0,0.0,0.3333333333333333,0.0,0.0,2.3333333333333335,14.666666666666666,2.0
Animal 2 M3 Facial/sequence_002,2,M3,Animal2_M3_1,233,1.0,2.0,0.6666666666666666,0.0,0.6666666666666666,1.0,0.6666666666666666,6.0,58.666666666666664,6.0
Animal 2 M3 Facial/sequence_001,2,M3,Animal2_M3_2,225,1.0,2.0,0.6666666666666666,0.0,0.6666666666666666,1.0,0.6666666666666666,6.0,58.666666666666664,6.0
Animal 2 M3 Facial/sequence_003,2,M3,Animal2_M3_3,235,1.0,2.0,0.6666666666666666,0.0,0.6666666666666666,1.0,0.6666666666666666,6.0,58.666666666666664,6.0
Animal 2 M2 Facial/sequence_003,2,M2,Animal2_M2_1,240,1.3333333333333333,1.6666666666666667,1.3333333333333333,1.0,2.0,1.6666666666666667,1.6666666666666667,7.333333333333333,69.0,10.666666666666666
Animal 2 M2 Facial/sequence_002,2,M2,Animal2_M2_2,240,1.3333333333333333,1.6666666666666667,1.3333333333333333,1.0,2.0,1.6666666666666667,1.6666666666666667,7.333333333333333,69.0,10.666666666666666
Animal 2 M2 Facial/sequence_001,2,M2,Animal2_M2_3,240,1.3333333333333333,1.6666666666666667,1.3333333333333333,1.0,2.0,1.6666666666666667,1.6666666666666667,7.333333333333333,69.0,10.666666666666666
Animal 2 M4 Facial 2/sequence_002,2,M4,Animal2_M4_1,212,0.6666666666666666,1.0,0.0,0.0,0.3333333333333333,0.0,0.0,2.3333333333333335,14.666666666666666,2.0
Animal 2 M4 Facial 2/sequence_003,2,M4,Animal2_M4_2,217,0.6666666666666666,1.0,0.0,0.0,0.3333333333333333,0.0,0.0,2.3333333333333335,14.666666666666666,2.0
Animal 2 M4 Facial 2/sequence_001,2,M4,Animal2_M4_3,220,0.6666666666666666,1.0,0.0,0.0,0.3333333333333333,0.0,0.0,2.3333333333333335,14.666666666666666,2.0
Animal 18 M3 Facial (low video resolution)/sequence_001,18,M3,Animal18_M3_1,222,0.3333333333333333,0.0,0.0,0.3333333333333333,1.0,0.5,0.3333333333333333,3.0,15.333333333333334,2.3333333333333335
Animal 2 M1 Facial/sequence_001,2,M1,Animal2_M1_1,240,1.6666666666666667,1.0,0.3333333333333333,0.0,1.0,0.6666666666666666,0.6666666666666666,1.3333333333333333,3.6666666666666665,5.333333333333333
Animal 2 M1 Facial/sequence_002,2,M1,Animal2_M1_2,240,1.6666666666666667,1.0,0.3333333333333333,0.0,1.0,0.6666666666666666,0.6666666666666666,1.3333333333333333,3.6666666666666665,5.333333333333333
Animal 2 M1 Facial/sequence_003,2,M1,Animal2_M1_3,240,1.6666666666666667,1.0,0.3333333333333333,0.0,1.0,0.6666666666666666,0.6666666666666666,1.3333333333333333,3.6666666666666665,5.333333333333333
Animal 19 M2 Facial 2/sequence_003,19,M2,Animal19_M2_1,240,0.6666666666666666,1.6666666666666667,1.5,0.3333333333333333,1.6666666666666667,1.3333333333333333,1.0,7.666666666666667,72.33333333333333,7.666666666666667
Animal 19 M2 Facial 2/sequence_002,19,M2,Animal19_M2_2,240,0.6666666666666666,1.6666666666666667,1.5,0.3333333333333333,1.6666666666666667,1.3333333333333333,1.0,7.666666666666667,72.33333333333333,7.666666666666667
Animal 19 M2 Facial 2/sequence_001,19,M2,Animal19_M2_3,240,0.6666666666666666,1.6666666666666667,1.5,0.3333333333333333,1.6666666666666667,1.3333333333333333,1.0,7.666666666666667,72.33333333333333,7.666666666666667
Animal 19 M4 Facial/sequence_003,19,M4,Animal19_M4_1,240,0.6666666666666666,1.0,0.3333333333333333,0.0,0.3333333333333333,1.0,1.0,3.3333333333333335,23.0,4.333333333333333
Animal 19 M4 Facial/sequence_004,19,M4,Animal19_M4_2,236,0.6666666666666666,1.0,0.3333333333333333,0.0,0.3333333333333333,1.0,1.0,3.3333333333333335,23.0,4.333333333333333
Animal 19 M4 Facial/sequence_002,19,M4,Animal19_M4_3,240,0.6666666666666666,1.0,0.3333333333333333,0.0,0.3333333333333333,1.0,1.0,3.3333333333333335,23.0,4.333333333333333
Animal 19 M4 Facial/sequence_001,19,M4,Animal19_M4_4,240,0.6666666666666666,1.0,0.3333333333333333,0.0,0.3333333333333333,1.0,1.0,3.3333333333333335,23.0,4.333333333333333
Animal 18 M2 Facial 2/sequence_001,18,M2,Animal18_M2_1,240,1.0,1.0,0.3333333333333333,1.0,1.0,1.3333333333333333,1.3333333333333333,6.0,52.0,7.0
Animal 2 M0 Facial/sequence_003,2,M0,Animal2_M0_1,240,0.0,0.3333333333333333,0.0,0.0,0.0,0.3333333333333333,0.0,1.0,0.6666666666666666,0.6666666666666666
Animal 2 M0 Facial/sequence_001,2,M0,Animal2_M0_2,240,0.0,0.3333333333333333,0.0,0.0,0.0,0.3333333333333333,0.0,1.0,0.6666666666666666,0.6666666666666666
Animal 2 M0 Facial/sequence_002,2,M0,Animal2_M0_3,240,0.0,0.3333333333333333,0.0,0.0,0.0,0.3333333333333333,0.0,1.0,0.6666666666666666,0.6666666666666666
Animal 19 M1 Facial/sequence_002,19,M1,Animal19_M1_1,240,0.0,1.3333333333333333,0.6666666666666666,0.0,0.0,1.0,0.6666666666666666,1.0,0.0,3.6666666666666665
Animal 19 M1 Facial/sequence_003,19,M1,Animal19_M1_2,240,0.0,1.3333333333333333,0.6666666666666666,0.0,0.0,1.0,0.6666666666666666,1.0,0.0,3.6666666666666665
Animal 19 M1 Facial/sequence_004,19,M1,Animal19_M1_3,176,0.0,1.3333333333333333,0.6666666666666666,0.0,0.0,1.0,0.6666666666666666,1.0,0.0,3.6666666666666665
Animal 19 M1 Facial/sequence_001,19,M1,Animal19_M1_4,240,0.0,1.3333333333333333,0.6666666666666666,0.0,0.0,1.0,0.6666666666666666,1.0,0.0,3.6666666666666665
Animal 19 M0 Facial/sequence_003,19,M0,Animal19_M0_1,240,0.3333333333333333,0.6666666666666666,0.3333333333333333,0.0,0.6666666666666666,0.6666666666666666,1.0,1.0,0.0,3.6666666666666665
Animal 19 M0 Facial/sequence_001,19,M0,Animal19_M0_2,240,0.3333333333333333,0.6666666666666666,0.3333333333333333,0.0,0.6666666666666666,0.6666666666666666,1.0,1.0,0.0,3.6666666666666665
Animal 19 M0 Facial/sequence_002,19,M0,Animal19_M0_3,240,0.3333333333333333,0.6666666666666666,0.3333333333333333,0.0,0.6666666666666666,0.6666666666666666,1.0,1.0,0.0,3.6666666666666665
Animal 18 M4 Facial/sequence_004,18,M4,Animal18_M4_1,240,0.0,0.3333333333333333,0.0,0.0,1.0,0.6666666666666666,0.0,1.3333333333333333,4.666666666666667,2.0
Animal 18 M4 Facial/sequence_001,18,M4,Animal18_M4_2,240,0.0,0.3333333333333333,0.0,0.0,1.0,0.6666666666666666,0.0,1.3333333333333333,4.666666666666667,2.0
Animal 18 M4 Facial/sequence_002,18,M4,Animal18_M4_3,240,0.0,0.3333333333333333,0.0,0.0,1.0,0.6666666666666666,0.0,1.3333333333333333,4.666666666666667,2.0
Animal 18 M4 Facial/sequence_003,18,M4,Animal18_M4_4,240,0.0,0.3333333333333333,0.0,0.0,1.0,0.6666666666666666,0.0,1.3333333333333333,4.666666666666667,2.0
Animal 19 M2 Facial 1/sequence_002,19,M2,Animal19_M2_1,242,0.6666666666666666,1.6666666666666667,1.5,0.3333333333333333,1.6666666666666667,1.3333333333333333,1.0,7.666666666666667,72.33333333333333,7.666666666666667
Animal 19 M2 Facial 1/sequence_001,19,M2,Animal19_M2_2,280,0.6666666666666666,1.6666666666666667,1.5,0.3333333333333333,1.6666666666666667,1.3333333333333333,1.0,7.666666666666667,72.33333333333333,7.666666666666667
Animal 18 M2 Facial 1/sequence_001,18,M2,Animal18_M2_1,239,1.0,1.0,0.3333333333333333,1.0,1.0,1.3333333333333333,1.3333333333333333,6.0,52.0,7.0
Animal 18 M2 Facial 1/sequence_002,18,M2,Animal18_M2_2,240,1.0,1.0,0.3333333333333333,1.0,1.0,1.3333333333333333,1.3333333333333333,6.0,52.0,7.0
Animal 18 M2 Facial 1/sequence_003,18,M2,Animal18_M2_3,239,1.0,1.0,0.3333333333333333,1.0,1.0,1.3333333333333333,1.3333333333333333,6.0,52.0,7.0
Animal 17 M3 Facial (very low resolution)/sequence_002,17,M3,Animal17_M3_1,240,0.0,0.3333333333333333,0.0,0.0,0.0,0.0,0.0,1.6666666666666667,10.0,0.3333333333333333
Animal 17 M3 Facial (very low resolution)/sequence_001,17,M3,Animal17_M3_2,240,0.0,0.3333333333333333,0.0,0.0,0.0,0.0,0.0,1.6666666666666667,10.0,0.3333333333333333
Animal 17 M1 Facial/sequence_004,17,M1,Animal17_M1_1,240,0.0,0.6666666666666666,0.0,0.0,0.0,0.3333333333333333,0.3333333333333333,1.0,0.3333333333333333,1.3333333333333333
Animal 17 M1 Facial/sequence_003,17,M1,Animal17_M1_2,234,0.0,0.6666666666666666,0.0,0.0,0.0,0.3333333333333333,0.3333333333333333,1.0,0.3333333333333333,1.3333333333333333
Animal 17 M1 Facial/sequence_002,17,M1,Animal17_M1_3,234,0.0,0.6666666666666666,0.0,0.0,0.0,0.3333333333333333,0.3333333333333333,1.0,0.3333333333333333,1.3333333333333333
Animal 17 M1 Facial/sequence_001,17,M1,Animal17_M1_4,244,0.0,0.6666666666666666,0.0,0.0,0.0,0.3333333333333333,0.3333333333333333,1.0,0.3333333333333333,1.3333333333333333
Animal 18 M1 Facial 1/sequence_002,18,M1,Animal18_M1_1,240,0.0,0.6666666666666666,0.3333333333333333,0.3333333333333333,0.6666666666666666,0.3333333333333333,0.3333333333333333,1.0,0.0,2.6666666666666665
Animal 18 M1 Facial 1/sequence_001,18,M1,Animal18_M1_2,240,0.0,0.6666666666666666,0.3333333333333333,0.3333333333333333,0.6666666666666666,0.3333333333333333,0.3333333333333333,1.0,0.0,2.6666666666666665
Animal 18 M1 Facial 1/sequence_003,18,M1,Animal18_M1_3,240,0.0,0.6666666666666666,0.3333333333333333,0.3333333333333333,0.6666666666666666,0.3333333333333333,0.3333333333333333,1.0,0.0,2.6666666666666665
Animal 17 M4 Facial/sequence_002,17,M4,Animal17_M4_1,239,0.6666666666666666,0.6666666666666666,0.3333333333333333,0.3333333333333333,0.3333333333333333,0.0,0.0,1.6666666666666667,10.333333333333334,2.3333333333333335
Animal 17 M4 Facial/sequence_001,17,M4,Animal17_M4_2,240,0.6666666666666666,0.6666666666666666,0.3333333333333333,0.3333333333333333,0.3333333333333333,0.0,0.0,1.6666666666666667,10.333333333333334,2.3333333333333335
Animal 17 M4 Facial/sequence_003,17,M4,Animal17_M4_3,239,0.6666666666666666,0.6666666666666666,0.3333333333333333,0.3333333333333333,0.3333333333333333,0.0,0.0,1.6666666666666667,10.333333333333334,2.3333333333333335
Animal 17 M0 Facial/sequence_004,17,M0,Animal17_M0_1,241,0.0,0.3333333333333333,0.0,0.3333333333333333,0.3333333333333333,0.0,0.6666666666666666,1.0,1.0,1.6666666666666667
Animal 17 M0 Facial/sequence_001,17,M0,Animal17_M0_2,222,0.0,0.3333333333333333,0.0,0.3333333333333333,0.3333333333333333,0.0,0.6666666666666666,1.0,1.0,1.6666666666666667
Animal 17 M0 Facial/sequence_003,17,M0,Animal17_M0_3,220,0.0,0.3333333333333333,0.0,0.3333333333333333,0.3333333333333333,0.0,0.6666666666666666,1.0,1.0,1.6666666666666667
Animal 17 M0 Facial/sequence_002,17,M0,Animal17_M0_4,232,0.0,0.3333333333333333,0.0,0.3333333333333333,0.3333333333333333,0.0,0.6666666666666666,1.0,1.0,1.6666666666666667
Animal 17 M2 Facial/sequence_002,17,M2,Animal17_M2_1,239,1.0,0.3333333333333333,0.3333333333333333,0.3333333333333333,0.3333333333333333,0.0,0.0,2.6666666666666665,19.666666666666668,2.3333333333333335
Animal 17 M2 Facial/sequence_003,17,M2,Animal17_M2_2,240,1.0,0.3333333333333333,0.3333333333333333,0.3333333333333333,0.3333333333333333,0.0,0.0,2.6666666666666665,19.666666666666668,2.3333333333333335
Animal 17 M2 Facial/sequence_001,17,M2,Animal17_M2_3,240,1.0,0.3333333333333333,0.3333333333333333,0.3333333333333333,0.3333333333333333,0.0,0.0,2.6666666666666665,19.666666666666668,2.3333333333333335
Animal 18 M1 Facial 2/sequence_002,18,M1,Animal18_M1_1,240,0.0,0.6666666666666666,0.3333333333333333,0.3333333333333333,0.6666666666666666,0.3333333333333333,0.3333333333333333,1.0,0.0,2.6666666666666665
Animal 18 M1 Facial 2/sequence_001,18,M1,Animal18_M1_2,240,0.0,0.6666666666666666,0.3333333333333333,0.3333333333333333,0.6666666666666666,0.3333333333333333,0.3333333333333333,1.0,0.0,2.6666666666666665
Animal 16 M4 Facial (very low resolution)/sequence_002,16,M4,Animal16_M4_1,240,0.3333333333333333,1.0,0.0,0.0,0.0,0.5,0.0,1.0,0.3333333333333333,1.6666666666666667
Animal 16 M4 Facial (very low resolution)/sequence_001,16,M4,Animal16_M4_2,242,0.3333333333333333,1.0,0.0,0.0,0.0,0.5,0.0,1.0,0.3333333333333333,1.6666666666666667
Animal 18 M0 Facial/sequence_003,18,M0,Animal18_M0_1,240,0.6666666666666666,0.3333333333333333,0.0,0.0,0.0,0.0,0.0,1.0,0.3333333333333333,1.0
Animal 18 M0 Facial/sequence_002,18,M0,Animal18_M0_2,240,0.6666666666666666,0.3333333333333333,0.0,0.0,0.0,0.0,0.0,1.0,0.3333333333333333,1.0
Animal 18 M0 Facial/sequence_001,18,M0,Animal18_M0_3,240,0.6666666666666666,0.3333333333333333,0.0,0.0,0.0,0.0,0.0,1.0,0.3333333333333333,1.0
Animal 16 M1 Facial 3/sequence_002,16,M1,Animal16_M1_1,240,0.0,0.3333333333333333,0.0,0.0,0.0,0.0,0.0,1.0,0.0,0.3333333333333333
Animal 16 M1 Facial 3/sequence_003,16,M1,Animal16_M1_2,240,0.0,0.3333333333333333,0.0,0.0,0.0,0.0,0.0,1.0,0.0,0.3333333333333333
Animal 16 M1 Facial 3/sequence_001,16,M1,Animal16_M1_3,224,0.0,0.3333333333333333,0.0,0.0,0.0,0.0,0.0,1.0,0.0,0.3333333333333333
Animal 15 M1 Facial 2/sequence_004,15,M1,Animal15_M1_1,240,0.3333333333333333,0.0,0.3333333333333333,0.0,0.3333333333333333,0.3333333333333333,0.3333333333333333,1.0,0.0,1.6666666666666667
Animal 15 M1 Facial 2/sequence_001,15,M1,Animal15_M1_2,240,0.3333333333333333,0.0,0.3333333333333333,0.0,0.3333333333333333,0.3333333333333333,0.3333333333333333,1.0,0.0,1.6666666666666667
Animal 15 M1 Facial 2/sequence_002,15,M1,Animal15_M1_3,240,0.3333333333333333,0.0,0.3333333333333333,0.0,0.3333333333333333,0.3333333333333333,0.3333333333333333,1.0,0.0,1.6666666666666667
Animal 15 M1 Facial 2/sequence_003,15,M1,Animal15_M1_4,240,0.3333333333333333,0.0,0.3333333333333333,0.0,0.3333333333333333,0.3333333333333333,0.3333333333333333,1.0,0.0,1.6666666666666667
Animal 15 M4 Facial/sequence_001,15,M4,Animal15_M4_1,240,0.6666666666666666,0.3333333333333333,0.0,0.0,0.0,0.3333333333333333,0.6666666666666666,4.666666666666667,31.666666666666668,2.0
Animal 15 M4 Facial/sequence_003,15,M4,Animal15_M4_2,236,0.6666666666666666,0.3333333333333333,0.0,0.0,0.0,0.3333333333333333,0.6666666666666666,4.666666666666667,31.666666666666668,2.0
Animal 15 M4 Facial/sequence_002,15,M4,Animal15_M4_3,259,0.6666666666666666,0.3333333333333333,0.0,0.0,0.0,0.3333333333333333,0.6666666666666666,4.666666666666667,31.666666666666668,2.0
Animal 16 M0 Facial/sequence_002,16,M0,Animal16_M0_1,240,0.3333333333333333,0.0,0.0,0.0,0.6666666666666666,0.3333333333333333,0.0,1.0,0.0,1.3333333333333333
Animal 16 M0 Facial/sequence_001,16,M0,Animal16_M0_2,240,0.3333333333333333,0.0,0.0,0.0,0.6666666666666666,0.3333333333333333,0.0,1.0,0.0,1.3333333333333333
Animal 16 M0 Facial/sequence_003,16,M0,Animal16_M0_3,227,0.3333333333333333,0.0,0.0,0.0,0.6666666666666666,0.3333333333333333,0.0,1.0,0.0,1.3333333333333333
Animal 16 M1 Facial 1/sequence_002,16,M1,Animal16_M1_1,189,0.0,0.3333333333333333,0.0,0.0,0.0,0.0,0.0,1.0,0.0,0.3333333333333333
Animal 16 M1 Facial 1/sequence_001,16,M1,Animal16_M1_2,183,0.0,0.3333333333333333,0.0,0.0,0.0,0.0,0.0,1.0,0.0,0.3333333333333333
Animal 15 M1 Facial 1/sequence_002,15,M1,Animal15_M1_1,247,0.3333333333333333,0.0,0.3333333333333333,0.0,0.3333333333333333,0.3333333333333333,0.3333333333333333,1.0,0.0,1.6666666666666667
Animal 15 M1 Facial 1/sequence_004,15,M1,Animal15_M1_2,242,0.3333333333333333,0.0,0.3333333333333333,0.0,0.3333333333333333,0.3333333333333333,0.3333333333333333,1.0,0.0,1.6666666666666667
Animal 15 M1 Facial 1/sequence_003,15,M1,Animal15_M1_3,240,0.3333333333333333,0.0,0.3333333333333333,0.0,0.3333333333333333,0.3333333333333333,0.3333333333333333,1.0,0.0,1.6666666666666667
Animal 15 M1 Facial 1/sequence_001,15,M1,Animal15_M1_4,243,0.3333333333333333,0.0,0.3333333333333333,0.0,0.3333333333333333,0.3333333333333333,0.3333333333333333,1.0,0.0,1.6666666666666667
Animal 15 M3 Facial 1/sequence_002,15,M3,Animal15_M3_1,240,0.6666666666666666,0.6666666666666666,0.3333333333333333,0.0,0.0,0.6666666666666666,0.6666666666666666,4.0,26.0,3.0
Animal 15 M3 Facial 1/sequence_003,15,M3,Animal15_M3_2,188,0.6666666666666666,0.6666666666666666,0.3333333333333333,0.0,0.0,0.6666666666666666,0.6666666666666666,4.0,26.0,3.0
Animal 15 M3 Facial 1/sequence_001,15,M3,Animal15_M3_3,240,0.6666666666666666,0.6666666666666666,0.3333333333333333,0.0,0.0,0.6666666666666666,0.6666666666666666,4.0,26.0,3.0
Animal 15 M3 Facial 2/sequence_003,15,M3,Animal15_M3_1,240,0.6666666666666666,0.6666666666666666,0.3333333333333333,0.0,0.0,0.6666666666666666,0.6666666666666666,4.0,26.0,3.0
Animal 15 M3 Facial 2/sequence_002,15,M3,Animal15_M3_2,240,0.6666666666666666,0.6666666666666666,0.3333333333333333,0.0,0.0,0.6666666666666666,0.6666666666666666,4.0,26.0,3.0
Animal 15 M3 Facial 2/sequence_001,15,M3,Animal15_M3_3,240,0.6666666666666666,0.6666666666666666,0.3333333333333333,0.0,0.0,0.6666666666666666,0.6666666666666666,4.0,26.0,3.0
Animal 16 M1 Facial 2/sequence_001,16,M1,Animal16_M1_1,240,0.0,0.3333333333333333,0.0,0.0,0.0,0.0,0.0,1.0,0.0,0.3333333333333333
Animal 15 M0 Facial/sequence_002,15,M0,Animal15_M0_1,240,0.3333333333333333,0.3333333333333333,0.0,0.0,0.0,0.0,0.0,1.0,0.6666666666666666,0.6666666666666666
Animal 15 M0 Facial/sequence_001,15,M0,Animal15_M0_2,241,0.3333333333333333,0.3333333333333333,0.0,0.0,0.0,0.0,0.0,1.0,0.6666666666666666,0.6666666666666666
Animal 15 M0 Facial/sequence_003,15,M0,Animal15_M0_3,238,0.3333333333333333,0.3333333333333333,0.0,0.0,0.0,0.0,0.0,1.0,0.6666666666666666,0.6666666666666666
Animal 14 M2 Facial 1/sequence_001,14,M2,Animal14_M2_1,240,1.3333333333333333,0.6666666666666666,1.0,1.0,1.3333333333333333,1.0,1.0,8.666666666666666,78.0,7.333333333333333
Animal 14 M2 Facial 1/sequence_003,14,M2,Animal14_M2_2,293,1.3333333333333333,0.6666666666666666,1.0,1.0,1.3333333333333333,1.0,1.0,8.666666666666666,78.0,7.333333333333333
Animal 14 M2 Facial 1/sequence_002,14,M2,Animal14_M2_3,242,1.3333333333333333,0.6666666666666666,1.0,1.0,1.3333333333333333,1.0,1.0,8.666666666666666,78.0,7.333333333333333
Animal 14 M3 Facial/sequence_001,14,M3,Animal14_M3_1,240,1.0,1.3333333333333333,0.3333333333333333,0.6666666666666666,1.3333333333333333,1.3333333333333333,1.0,9.333333333333334,85.33333333333333,7.0
Animal 14 M3 Facial/sequence_002,14,M3,Animal14_M3_2,240,1.0,1.3333333333333333,0.3333333333333333,0.6666666666666666,1.3333333333333333,1.3333333333333333,1.0,9.333333333333334,85.33333333333333,7.0
Animal 14 M3 Facial/sequence_003,14,M3,Animal14_M3_3,216,1.0,1.3333333333333333,0.3333333333333333,0.6666666666666666,1.3333333333333333,1.3333333333333333,1.0,9.333333333333334,85.33333333333333,7.0
Animal 14 M1 Facial/sequence_002,14,M1,Animal14_M1_1,240,0.0,1.0,0.3333333333333333,0.0,0.0,0.3333333333333333,0.3333333333333333,1.0,0.3333333333333333,2.0
Animal 14 M1 Facial/sequence_003,14,M1,Animal14_M1_2,240,0.0,1.0,0.3333333333333333,0.0,0.0,0.3333333333333333,0.3333333333333333,1.0,0.3333333333333333,2.0
Animal 14 M1 Facial/sequence_001,14,M1,Animal14_M1_3,240,0.0,1.0,0.3333333333333333,0.0,0.0,0.3333333333333333,0.3333333333333333,1.0,0.3333333333333333,2.0
Animal 12 M4 Facial/sequence_004,12,M4,Animal12_M4_1,240,0.3333333333333333,0.3333333333333333,0.0,0.0,0.6666666666666666,0.6666666666666666,0.3333333333333333,2.6666666666666665,8.666666666666666,2.3333333333333335
Animal 12 M4 Facial/sequence_003,12,M4,Animal12_M4_2,240,0.3333333333333333,0.3333333333333333,0.0,0.0,0.6666666666666666,0.6666666666666666,0.3333333333333333,2.6666666666666665,8.666666666666666,2.3333333333333335
Animal 12 M4 Facial/sequence_002,12,M4,Animal12_M4_3,248,0.3333333333333333,0.3333333333333333,0.0,0.0,0.6666666666666666,0.6666666666666666,0.3333333333333333,2.6666666666666665,8.666666666666666,2.3333333333333335
Animal 12 M4 Facial/sequence_001,12,M4,Animal12_M4_4,250,0.3333333333333333,0.3333333333333333,0.0,0.0,0.6666666666666666,0.6666666666666666,0.3333333333333333,2.6666666666666665,8.666666666666666,2.3333333333333335
Animal 14 M4 Facial/sequence_004,14,M4,Animal14_M4_1,240,1.0,0.6666666666666666,0.6666666666666666,0.6666666666666666,1.0,0.6666666666666666,0.3333333333333333,6.0,53.666666666666664,5.0
Animal 14 M4 Facial/sequence_001,14,M4,Animal14_M4_2,232,1.0,0.6666666666666666,0.6666666666666666,0.6666666666666666,1.0,0.6666666666666666,0.3333333333333333,6.0,53.666666666666664,5.0
Animal 14 M4 Facial/sequence_003,14,M4,Animal14_M4_3,240,1.0,0.6666666666666666,0.6666666666666666,0.6666666666666666,1.0,0.6666666666666666,0.3333333333333333,6.0,53.666666666666664,5.0
Animal 14 M4 Facial/sequence_002,14,M4,Animal14_M4_4,240,1.0,0.6666666666666666,0.6666666666666666,0.6666666666666666,1.0,0.6666666666666666,0.3333333333333333,6.0,53.666666666666664,5.0
Animal 14 M0 Facial 2/sequence_003,14,M0,Animal14_M0_1,179,0.0,0.6666666666666666,0.3333333333333333,0.3333333333333333,0.0,0.3333333333333333,0.3333333333333333,1.3333333333333333,0.0,2.0
Animal 14 M0 Facial 2/sequence_001,14,M0,Animal14_M0_2,174,0.0,0.6666666666666666,0.3333333333333333,0.3333333333333333,0.0,0.3333333333333333,0.3333333333333333,1.3333333333333333,0.0,2.0
Animal 14 M0 Facial 2/sequence_002,14,M0,Animal14_M0_3,186,0.0,0.6666666666666666,0.3333333333333333,0.3333333333333333,0.0,0.3333333333333333,0.3333333333333333,1.3333333333333333,0.0,2.0
Animal 12 M2 Facial 2/sequence_001,12,M2,Animal12_M2_1,241,0.3333333333333333,1.0,0.3333333333333333,0.3333333333333333,0.6666666666666666,0.6666666666666666,0.3333333333333333,5.666666666666667,48.333333333333336,3.6666666666666665
Animal 12 M3 Facial/sequence_003,12,M3,Animal12_M3_1,240,0.3333333333333333,0.3333333333333333,0.0,0.6666666666666666,0.6666666666666666,0.0,0.3333333333333333,3.3333333333333335,16.333333333333332,2.3333333333333335
Animal 12 M3 Facial/sequence_002,12,M3,Animal12_M3_2,240,0.3333333333333333,0.3333333333333333,0.0,0.6666666666666666,0.6666666666666666,0.0,0.3333333333333333,3.3333333333333335,16.333333333333332,2.3333333333333335
Animal 12 M3 Facial/sequence_001,12,M3,Animal12_M3_3,240,0.3333333333333333,0.3333333333333333,0.0,0.6666666666666666,0.6666666666666666,0.0,0.3333333333333333,3.3333333333333335,16.333333333333332,2.3333333333333335
Animal 14 M2 Facial 2/sequence_001,14,M2,Animal14_M2_1,243,1.3333333333333333,0.6666666666666666,1.0,1.0,1.3333333333333333,1.0,1.0,8.666666666666666,78.0,7.333333333333333
Animal 14 M2 Facial 2/sequence_002,14,M2,Animal14_M2_2,240,1.3333333333333333,0.6666666666666666,1.0,1.0,1.3333333333333333,1.0,1.0,8.666666666666666,78.0,7.333333333333333
Animal 14 M2 Facial 2/sequence_003,14,M2,Animal14_M2_3,240,1.3333333333333333,0.6666666666666666,1.0,1.0,1.3333333333333333,1.0,1.0,8.666666666666666,78.0,7.333333333333333
Animal 12 M2 Facial 1/sequence_002,12,M2,Animal12_M2_1,240,0.3333333333333333,1.0,0.3333333333333333,0.3333333333333333,0.6666666666666666,0.6666666666666666,0.3333333333333333,5.666666666666667,48.333333333333336,3.6666666666666665
Animal 12 M2 Facial 1/sequence_003,12,M2,Animal12_M2_2,240,0.3333333333333333,1.0,0.3333333333333333,0.3333333333333333,0.6666666666666666,0.6666666666666666,0.3333333333333333,5.666666666666667,48.333333333333336,3.6666666666666665
Animal 12 M2 Facial 1/sequence_001,12,M2,Animal12_M2_3,240,0.3333333333333333,1.0,0.3333333333333333,0.3333333333333333,0.6666666666666666,0.6666666666666666,0.3333333333333333,5.666666666666667,48.333333333333336,3.6666666666666665
Animal 11 M2 Facial/sequence_002,11,M2,Animal11_M2_1,243,1.3333333333333333,1.0,0.3333333333333333,1.6666666666666667,1.6666666666666667,0.6666666666666666,0.3333333333333333,6.333333333333333,53.666666666666664,7.0
Animal 11 M2 Facial/sequence_001,11,M2,Animal11_M2_2,242,1.3333333333333333,1.0,0.3333333333333333,1.6666666666666667,1.6666666666666667,0.6666666666666666,0.3333333333333333,6.333333333333333,53.666666666666664,7.0
Animal 11 M2 Facial/sequence_003,11,M2,Animal11_M2_3,240,1.3333333333333333,1.0,0.3333333333333333,1.6666666666666667,1.6666666666666667,0.6666666666666666,0.3333333333333333,6.333333333333333,53.666666666666664,7.0
Animal 12 M0 Facial/sequence_004,12,M0,Animal12_M0_1,240,0.3333333333333333,0.6666666666666666,0.0,0.0,0.6666666666666666,0.0,0.0,1.0,0.0,1.6666666666666667
Animal 12 M0 Facial/sequence_002,12,M0,Animal12_M0_2,243,0.3333333333333333,0.6666666666666666,0.0,0.0,0.6666666666666666,0.0,0.0,1.0,0.0,1.6666666666666667
Animal 12 M0 Facial/sequence_003,12,M0,Animal12_M0_3,240,0.3333333333333333,0.6666666666666666,0.0,0.0,0.6666666666666666,0.0,0.0,1.0,0.0,1.6666666666666667
Animal 12 M0 Facial/sequence_001,12,M0,Animal12_M0_4,240,0.3333333333333333,0.6666666666666666,0.0,0.0,0.6666666666666666,0.0,0.0,1.0,0.0,1.6666666666666667
Animal 11 M1 Facial/sequence_002,11,M1,Animal11_M1_1,232,0.0,0.6666666666666666,0.6666666666666666,0.3333333333333333,0.6666666666666666,0.3333333333333333,0.3333333333333333,1.3333333333333333,5.333333333333333,3.0
Animal 11 M1 Facial/sequence_003,11,M1,Animal11_M1_2,227,0.0,0.6666666666666666,0.6666666666666666,0.3333333333333333,0.6666666666666666,0.3333333333333333,0.3333333333333333,1.3333333333333333,5.333333333333333,3.0
Animal 11 M1 Facial/sequence_001,11,M1,Animal11_M1_3,240,0.0,0.6666666666666666,0.6666666666666666,0.3333333333333333,0.6666666666666666,0.3333333333333333,0.3333333333333333,1.3333333333333333,5.333333333333333,3.0
Animal 12 M1 Facial 1/sequence_002,12,M1,Animal12_M1_1,240,0.3333333333333333,0.6666666666666666,0.0,0.0,0.0,0.0,0.0,1.0,0.3333333333333333,1.0
Animal 12 M1 Facial 1/sequence_004,12,M1,Animal12_M1_2,240,0.3333333333333333,0.6666666666666666,0.0,0.0,0.0,0.0,0.0,1.0,0.3333333333333333,1.0
Animal 12 M1 Facial 1/sequence_003,12,M1,Animal12_M1_3,240,0.3333333333333333,0.6666666666666666,0.0,0.0,0.0,0.0,0.0,1.0,0.3333333333333333,1.0
Animal 12 M1 Facial 1/sequence_001,12,M1,Animal12_M1_4,240,0.3333333333333333,0.6666666666666666,0.0,0.0,0.0,0.0,0.0,1.0,0.3333333333333333,1.0
Animal 11 M3 Facial 2/sequence_001,11,M3,Animal11_M3_1,240,1.0,1.0,0.6666666666666666,1.0,1.0,0.6666666666666666,0.3333333333333333,5.333333333333333,45.0,5.666666666666667
Animal 1 M4 Facial/sequence_003,1,M4,Animal1_M4_1,240,0.0,0.6666666666666666,0.0,0.3333333333333333,0.3333333333333333,0.3333333333333333,0.3333333333333333,3.3333333333333335,23.333333333333332,2.0
Animal 1 M4 Facial/sequence_002,1,M4,Animal1_M4_2,240,0.0,0.6666666666666666,0.0,0.3333333333333333,0.3333333333333333,0.3333333333333333,0.3333333333333333,3.3333333333333335,23.333333333333332,2.0
Animal 1 M4 Facial/sequence_001,1,M4,Animal1_M4_3,240,0.0,0.6666666666666666,0.0,0.3333333333333333,0.3333333333333333,0.3333333333333333,0.3333333333333333,3.3333333333333335,23.333333333333332,2.0
Animal 11 M4 Facial/sequence_001,11,M4,Animal11_M4_1,240,1.0,1.0,0.6666666666666666,0.6666666666666666,0.6666666666666666,0.3333333333333333,1.0,3.3333333333333335,28.333333333333332,5.333333333333333
Animal 11 M4 Facial/sequence_002,11,M4,Animal11_M4_2,240,1.0,1.0,0.6666666666666666,0.6666666666666666,0.6666666666666666,0.3333333333333333,1.0,3.3333333333333335,28.333333333333332,5.333333333333333
Animal 11 M4 Facial/sequence_003,11,M4,Animal11_M4_3,238,1.0,1.0,0.6666666666666666,0.6666666666666666,0.6666666666666666,0.3333333333333333,1.0,3.3333333333333335,28.333333333333332,5.333333333333333
Animal 11 M3 Facial 1/sequence_002,11,M3,Animal11_M3_1,234,1.0,1.0,0.6666666666666666,1.0,1.0,0.6666666666666666,0.3333333333333333,5.333333333333333,45.0,5.666666666666667
Animal 11 M3 Facial 1/sequence_001,11,M3,Animal11_M3_2,240,1.0,1.0,0.6666666666666666,1.0,1.0,0.6666666666666666,0.3333333333333333,5.333333333333333,45.0,5.666666666666667
Animal 11 M0 Facial/sequence_001,11,M0,Animal11_M0_1,240,0.3333333333333333,0.6666666666666666,0.0,0.0,0.0,0.6666666666666666,0.3333333333333333,1.0,0.0,2.0
Animal 11 M0 Facial/sequence_002,11,M0,Animal11_M0_2,240,0.3333333333333333,0.6666666666666666,0.0,0.0,0.0,0.6666666666666666,0.3333333333333333,1.0,0.0,2.0
Animal 11 M0 Facial/sequence_003,11,M0,Animal11_M0_3,240,0.3333333333333333,0.6666666666666666,0.0,0.0,0.0,0.6666666666666666,0.3333333333333333,1.0,0.0,2.0
Animal 1 M3 Facial/sequence_003,1,M3,Animal1_M3_1,240,0.0,0.6666666666666666,0.0,1.0,0.6666666666666666,0.0,0.0,1.6666666666666667,11.666666666666666,2.3333333333333335
Animal 1 M3 Facial/sequence_001,1,M3,Animal1_M3_2,240,0.0,0.6666666666666666,0.0,1.0,0.6666666666666666,0.0,0.0,1.6666666666666667,11.666666666666666,2.3333333333333335
Animal 1 M3 Facial/sequence_002,1,M3,Animal1_M3_3,240,0.0,0.6666666666666666,0.0,1.0,0.6666666666666666,0.0,0.0,1.6666666666666667,11.666666666666666,2.3333333333333335
Animal 1 M1 Facial/sequence_002,1,M1,Animal1_M1_1,240,0.3333333333333333,0.6666666666666666,0.0,0.3333333333333333,0.0,0.0,0.0,1.0,1.0,1.3333333333333333
Animal 1 M1 Facial/sequence_001,1,M1,Animal1_M1_2,237,0.3333333333333333,0.6666666666666666,0.0,0.3333333333333333,0.0,0.0,0.0,1.0,1.0,1.3333333333333333
Animal 1 M1 Facial/sequence_003,1,M1,Animal1_M1_3,239,0.3333333333333333,0.6666666666666666,0.0,0.3333333333333333,0.0,0.0,0.0,1.0,1.0,1.3333333333333333
Animal 1 M0 Facial/sequence_003,1,M0,Animal1_M0_1,240,0.0,1.0,0.0,0.0,0.0,0.0,0.0,1.0,0.0,0.5
Animal 1 M0 Facial/sequence_002,1,M0,Animal1_M0_2,240,0.0,1.0,0.0,0.0,0.0,0.0,0.0,1.0,0.0,0.5
Animal 1 M0 Facial/sequence_004,1,M0,Animal1_M0_3,231,0.0,1.0,0.0,0.0,0.0,0.0,0.0,1.0,0.0,0.5
Animal 1 M0 Facial/sequence_001,1,M0,Animal1_M0_4,240,0.0,1.0,0.0,0.0,0.0,0.0,0.0,1.0,0.0,0.5
Animal 1 M2 Facial/sequence_002,1,M2,Animal1_M2_1,240,0.3333333333333333,1.0,0.0,0.3333333333333333,0.6666666666666666,0.3333333333333333,0.6666666666666666,3.3333333333333335,20.333333333333332,3.3333333333333335
Animal 1 M2 Facial/sequence_003,1,M2,Animal1_M2_2,240,0.3333333333333333,1.0,0.0,0.3333333333333333,0.6666666666666666,0.3333333333333333,0.6666666666666666,3.3333333333333335,20.333333333333332,3.3333333333333335
Animal 1 M2 Facial/sequence_001,1,M2,Animal1_M2_3,229,0.3333333333333333,1.0,0.0,0.3333333333333333,0.6666666666666666,0.3333333333333333,0.6666666666666666,3.3333333333333335,20.333333333333332,3.3333333333333335
Animal 1 M2 Facial/sequence_004,1,M2,Animal1_M2_4,241,0.3333333333333333,1.0,0.0,0.3333333333333333,0.6666666666666666,0.3333333333333333,0.6666666666666666,3.3333333333333335,20.333333333333332,3.3333333333333335
